Workbook

Sheet Table_1
A1: OrderID | B1: Date | C1: Region | D1: Seller | E1: Product | F1: Category | G1: Units | H1: UnitPrice | I1: Revenue | J1: Approved
A2: ORD-1181 | B2: 45495 | C2: North | D2: Bruno | E2: Gadget B | F2: Standard | G2: 1 | I2: =G2*H2
A3: ORD-1015 | B3: 45496 | C3: West | D3: Ana | E3: Widget B | F3: Discount | G3: 6 | H3: 105.9 | I3: =G3*H3
A4: ORD-1190 | B4: 45338 | C4: North | D4: Daniela | E4: Gadget B | F4: Premium | H4: 104.58 | I4: =G4*H4 | J4: FALSE
A5: ORD-1077 | B5: 45652 | C5: West | D5: Carlos | E5: Widget C | F5: Standard | G5: 12 | H5: 8.52 | I5: =G5*H5
A6: ORD-1181 | B6: 45502 | C6: North | D6: Carlos | E6: Gadget A | F6: Discount | H6: 102.59 | I6: =G6*H6 | J6: TRUE
A7: ORD-1192 | B7: 45368 | C7: Central | D7: Daniela | E7: Widget B | F7: Standard | G7: 13 | I7: =G7*H7 | J7: FALSE
A8: ORD-1023 | B8: 45312 | C8: Central | D8: Ana | E8: Widget C | F8: Discount | H8: 24.66 | I8: =G8*H8 | J8: FALSE
A9: ORD-1044 | B9: 45640 | C9: East | D9: Daniela | E9: Gadget B | F9: Standard | G9: 2 | H9: 78.69 | I9: =G9*H9 | J9: FALSE
A10: ORD-1054 | B10: 45363 | C10: East | D10: Bruno | E10: Gadget B | F10: Standard | G10: 11 | I10: =G10*H10 | J10: FALSE
A11: ORD-1013 | B11: 45382 | C11: West | D11: Ana | E11: Widget A | F11: Premium | I11: =G11*H11 | J11: FALSE
A12: ORD-1178 | B12: 45395 | C12: Central | D12: Fernanda | E12: Widget C | F12: Discount | G12: 11 | H12: 13.54 | I12: =G12*H12 | J12: TRUE
A13: ORD-1086 | B13: 45361 | C13: North | D13: Eduardo | E13: Gadget B | F13: Standard | G13: 5 | H13: 30.84 | I13: =G13*H13 | J13: FALSE
A14: ORD-1178 | B14: 45376 | C14: East | D14: Eduardo | E14: Widget A | F14: Standard | I14: =G14*H14 | J14: FALSE
A15: ORD-1170 | B15: 45299 | C15: Central | D15: Bruno | E15: Widget A | F15: Standard | I15: =G15*H15 | J15: FALSE
A16: ORD-1135 | B16: 45374 | C16: South | D16: Fernanda | E16: Gadget A | F16: Discount | I16: =G16*H16 | J16: TRUE
A17: ORD-1077 | B17: 45614 | C17: West | D17: Fernanda | E17: Widget B | F17: Standard | G17: 15 | H17: 51.63 | I17: =G17*H17
A18: ORD-1169 | B18: 45388 | C18: East | D18: Carlos | E18: Widget B | F18: Premium | H18: 105.83 | I18: =G18*H18 | J18: TRUE
A19: ORD-1090 | B19: 45322 | C19: West | D19: Eduardo | E19: Gadget A | F19: Discount | H19: 80.24 | I19: =G19*H19
A20: ORD-1057 | B20: 45583 | C20: East | D20: Carlos | E20: Gadget A | F20: Discount | G20: 4 | I20: =G20*H20 | J20: TRUE
A21: ORD-1054 | B21: 45394 | C21: North | D21: Fernanda | E21: Gadget A | F21: Premium | H21: 32.04 | I21: =G21*H21 | J21: TRUE
A22: ORD-1059 | B22: 45300 | C22: North | D22: Carlos | E22: Gadget A | F22: Standard | G22: 15 | I22: =G22*H22
A23: ORD-1017 | B23: 45592 | C23: West | D23: Daniela | E23: Gadget B | F23: Premium | H23: 51.45 | I23: =G23*H23 | J23: FALSE
A24: ORD-1061 | B24: 45357 | C24: West | D24: Bruno | E24: Gadget A | F24: Premium | H24: 70.9 | I24: =G24*H24 | J24: FALSE
A25: ORD-1039 | B25: 45382 | C25: Central | D25: Carlos | E25: Widget A | F25: Premium | H25: 26.92 | I25: =G25*H25 | J25: TRUE
A26: ORD-1004 | B26: 45328 | C26: West | D26: Eduardo | E26: Widget B | F26: Standard | H26: 81.11 | I26: =G26*H26 | J26: FALSE
A27: ORD-1127 | B27: 45497 | C27: Central | D27: Carlos | E27: Widget C | F27: Discount | H27: 19.21 | I27: =G27*H27
A28: ORD-1182 | B28: 45592 | C28: South | D28: Eduardo | E28: Widget A | F28: Standard | G28: 15 | H28: 116.61 | I28: =G28*H28 | J28: FALSE
A29: ORD-1074 | B29: 45294 | C29: North | D29: Fernanda | E29: Widget C | F29: Premium | H29: 12.83 | I29: =G29*H29
A30: ORD-1069 | B30: 45488 | C30: East | D30: Eduardo | E30: Widget B | F30: Premium | I30: =G30*H30
A31: ORD-1155 | B31: 45382 | C31: West | D31: Fernanda | E31: Widget C | F31: Discount | I31: =G31*H31 | J31: TRUE
A32: ORD-1007 | B32: 45527 | C32: East | D32: Ana | E32: Widget A | F32: Discount | G32: 15 | I32: =G32*H32 | J32: FALSE
A33: ORD-1099 | B33: 45587 | C33: North | D33: Fernanda | E33: Gadget A | F33: Discount | H33: 84.85 | I33: =G33*H33 | J33: TRUE
A34: ORD-1121 | B34: 45605 | C34: South | D34: Bruno | E34: Widget C | F34: Discount | H34: 30.97 | I34: =G34*H34
A35: ORD-1030 | B35: 45338 | C35: Central | D35: Ana | E35: Gadget A | F35: Discount | I35: =G35*H35 | J35: FALSE
A36: ORD-1141 | B36: 45306 | C36: Central | D36: Eduardo | E36: Widget A | F36: Standard | H36: 42.25 | I36: =G36*H36
A37: ORD-1034 | B37: 45502 | C37: East | D37: Bruno | E37: Widget A | F37: Premium | G37: 10 | I37: =G37*H37 | J37: TRUE
A38: ORD-1100 | B38: 45513 | C38: East | D38: Carlos | E38: Widget B | F38: Standard | I38: =G38*H38 | J38: TRUE
A39: ORD-1068 | B39: 45536 | C39: South | D39: Daniela | E39: Gadget A | F39: Discount | G39: 15 | I39: =G39*H39 | J39: FALSE
A40: ORD-1117 | B40: 45410 | C40: South | D40: Carlos | E40: Widget A | F40: Standard | H40: 94.27 | I40: =G40*H40
A41: ORD-1091 | B41: 45452 | C41: West | D41: Fernanda | E41: Widget C | F41: Discount | G41: 11 | H41: 71.08 | I41: =G41*H41
A42: ORD-1004 | B42: 45643 | C42: South | D42: Carlos | E42: Widget C | F42: Discount | H42: 78.77 | I42: =G42*H42 | J42: TRUE
A43: ORD-1196 | B43: 45571 | C43: East | D43: Fernanda | E43: Widget B | F43: Premium | G43: 2 | I43: =G43*H43 | J43: FALSE
A44: ORD-1009 | B44: 45403 | C44: South | D44: Eduardo | E44: Gadget B | F44: Standard | I44: =G44*H44
A45: ORD-1037 | B45: 45466 | C45: North | D45: Eduardo | E45: Gadget B | F45: Premium | G45: 9 | I45: =G45*H45 | J45: FALSE
A46: ORD-1103 | B46: 45357 | C46: North | D46: Daniela | E46: Widget B | F46: Discount | I46: =G46*H46
A47: ORD-1109 | B47: 45621 | C47: North | D47: Eduardo | E47: Gadget A | F47: Premium | I47: =G47*H47 | J47: FALSE
A48: ORD-1032 | B48: 45621 | C48: West | D48: Daniela | E48: Gadget B | F48: Discount | G48: 10 | H48: 12.08 | I48: =G48*H48 | J48: TRUE
A49: ORD-1105 | B49: 45385 | C49: North | D49: Ana | E49: Widget C | F49: Premium | G49: 3 | I49: =G49*H49 | J49: FALSE
A50: ORD-1009 | B50: 45574 | C50: North | D50: Fernanda | E50: Widget A | F50: Premium | G50: 6 | H50: 103.52 | I50: =G50*H50 | J50: TRUE
A51: ORD-1156 | B51: 45502 | C51: East | D51: Carlos | E51: Widget B | F51: Premium | G51: 15 | H51: 24.27 | I51: =G51*H51 | J51: FALSE
A52: ORD-1051 | B52: 45422 | C52: North | D52: Bruno | E52: Widget B | F52: Discount | H52: 96.66 | I52: =G52*H52
A53: ORD-1013 | B53: 45633 | C53: South | D53: Daniela | E53: Widget B | F53: Premium | I53: =G53*H53 | J53: FALSE
A54: ORD-1019 | B54: 45500 | C54: South | D54: Eduardo | E54: Gadget A | F54: Discount | G54: 12 | H54: 42.81 | I54: =G54*H54
A55: ORD-1109 | B55: 45531 | C55: West | D55: Ana | E55: Widget B | F55: Premium | H55: 114.33 | I55: =G55*H55 | J55: FALSE
A56: ORD-1005 | B56: 45381 | C56: North | D56: Fernanda | E56: Widget A | F56: Premium | G56: 7 | H56: 65.25 | I56: =G56*H56 | J56: TRUE
A57: ORD-1020 | B57: 45582 | C57: Central | D57: Fernanda | E57: Gadget A | F57: Premium | I57: =G57*H57
A58: ORD-1051 | B58: 45356 | C58: South | D58: Ana | E58: Widget B | F58: Standard | G58: 4 | I58: =G58*H58 | J58: TRUE
A59: ORD-1016 | B59: 45315 | C59: East | D59: Daniela | E59: Widget C | F59: Premium | G59: 6 | I59: =G59*H59 | J59: FALSE
A60: ORD-1129 | B60: 45548 | C60: West | D60: Eduardo | E60: Widget B | F60: Premium | I60: =G60*H60 | J60: FALSE
A61: ORD-1173 | B61: 45620 | C61: South | D61: Daniela | E61: Gadget B | F61: Premium | I61: =G61*H61 | J61: FALSE
A62: ORD-1147 | B62: 45511 | C62: Central | D62: Bruno | E62: Gadget A | F62: Standard | G62: 3 | I62: =G62*H62 | J62: FALSE
A63: ORD-1018 | B63: 45619 | C63: North | D63: Daniela | E63: Widget A | F63: Standard | H63: 101.42 | I63: =G63*H63 | J63: FALSE
A64: ORD-1198 | B64: 45510 | C64: South | D64: Ana | E64: Widget C | F64: Standard | H64: 91.56 | I64: =G64*H64 | J64: FALSE
A65: ORD-1010 | B65: 45633 | C65: West | D65: Daniela | E65: Gadget A | F65: Discount | G65: 4 | H65: 69.81 | I65: =G65*H65 | J65: FALSE
A66: ORD-1020 | B66: 45473 | C66: South | D66: Ana | E66: Widget C | F66: Premium | H66: 12.83 | I66: =G66*H66 | J66: FALSE
A67: ORD-1172 | B67: 45593 | C67: Central | D67: Carlos | E67: Widget C | F67: Discount | G67: 3 | H67: 34.39 | I67: =G67*H67 | J67: TRUE
A68: ORD-1185 | B68: 45347 | C68: Central | D68: Ana | E68: Gadget A | F68: Standard | G68: 7 | I68: =G68*H68 | J68: TRUE
A69: ORD-1001 | B69: 45611 | C69: East | D69: Carlos | E69: Widget B | F69: Premium | H69: 17.06 | I69: =G69*H69
A70: ORD-1026 | B70: 45616 | C70: East | D70: Daniela | E70: Widget B | F70: Discount | G70: 13 | I70: =G70*H70
A71: ORD-1121 | B71: 45471 | C71: West | D71: Ana | E71: Gadget B | F71: Premium | G71: 14 | H71: 43.53 | I71: =G71*H71
A72: ORD-1018 | B72: 45595 | C72: North | D72: Daniela | E72: Widget B | F72: Standard | G72: 3 | I72: =G72*H72 | J72: TRUE
A73: ORD-1137 | B73: 45434 | C73: East | D73: Bruno | E73: Gadget B | F73: Standard | G73: 14 | I73: =G73*H73
A74: ORD-1038 | B74: 45613 | C74: West | D74: Daniela | E74: Widget C | F74: Discount | I74: =G74*H74 | J74: FALSE
A75: ORD-1122 | B75: 45629 | C75: East | D75: Carlos | E75: Widget A | F75: Premium | G75: 11 | I75: =G75*H75
A76: ORD-1009 | B76: 45512 | C76: East | D76: Eduardo | E76: Widget C | F76: Standard | G76: 9 | H76: 71.98 | I76: =G76*H76 | J76: TRUE
A77: ORD-1125 | B77: 45351 | C77: West | D77: Bruno | E77: Widget A | F77: Discount | I77: =G77*H77 | J77: FALSE
A78: ORD-1020 | B78: 45410 | C78: East | D78: Fernanda | E78: Gadget A | F78: Standard | G78: 13 | I78: =G78*H78 | J78: TRUE
A79: ORD-1134 | B79: 45575 | C79: Central | D79: Carlos | E79: Widget A | F79: Premium | G79: 7 | H79: 99.08 | I79: =G79*H79 | J79: TRUE
A80: ORD-1042 | B80: 45406 | C80: South | D80: Daniela | E80: Widget B | F80: Discount | G80: 14 | H80: 75.29 | I80: =G80*H80
A81: ORD-1018 | B81: 45385 | C81: South | D81: Carlos | E81: Gadget A | F81: Premium | G81: 7 | I81: =G81*H81 | J81: FALSE
A82: ORD-1166 | B82: 45632 | C82: West | D82: Ana | E82: Gadget A | F82: Standard | I82: =G82*H82 | J82: TRUE
A83: ORD-1135 | B83: 45544 | C83: North | D83: Ana | E83: Gadget A | F83: Standard | H83: 80.11 | I83: =G83*H83 | J83: FALSE
A84: ORD-1116 | B84: 45553 | C84: Central | D84: Bruno | E84: Gadget A | F84: Discount | H84: 58.17 | I84: =G84*H84 | J84: FALSE
A85: ORD-1198 | B85: 45530 | C85: North | D85: Fernanda | E85: Gadget A | F85: Premium | G85: 13 | I85: =G85*H85 | J85: TRUE
A86: ORD-1032 | B86: 45629 | C86: South | D86: Ana | E86: Widget A | F86: Premium | G86: 9 | I86: =G86*H86 | J86: FALSE
A87: ORD-1063 | B87: 45650 | C87: Central | D87: Ana | E87: Gadget B | F87: Discount | G87: 7 | I87: =G87*H87 | J87: TRUE
A88: ORD-1071 | B88: 45442 | C88: Central | D88: Fernanda | E88: Widget C | F88: Premium | G88: 14 | H88: 83.76 | I88: =G88*H88 | J88: FALSE
A89: ORD-1006 | B89: 45353 | C89: Central | D89: Carlos | E89: Widget B | F89: Discount | H89: 51.98 | I89: =G89*H89 | J89: TRUE
A90: ORD-1200 | B90: 45397 | C90: Central | D90: Ana | E90: Gadget A | F90: Premium | H90: 56.68 | I90: =G90*H90 | J90: TRUE
A91: ORD-1137 | B91: 45419 | C91: South | D91: Fernanda | E91: Widget A | F91: Discount | G91: 9 | I91: =G91*H91 | J91: FALSE
A92: ORD-1126 | B92: 45487 | C92: South | D92: Bruno | E92: Gadget A | F92: Standard | H92: 53.34 | I92: =G92*H92
A93: ORD-1105 | B93: 45381 | C93: North | D93: Fernanda | E93: Widget C | F93: Standard | G93: 6 | H93: 42.12 | I93: =G93*H93 | J93: FALSE
A94: ORD-1030 | B94: 45299 | C94: North | D94: Daniela | E94: Widget C | F94: Standard | I94: =G94*H94 | J94: TRUE
A95: ORD-1024 | B95: 45370 | C95: South | D95: Bruno | E95: Gadget A | F95: Standard | G95: 5 | H95: 48.44 | I95: =G95*H95
A96: ORD-1124 | B96: 45632 | C96: North | D96: Eduardo | E96: Widget B | F96: Premium | H96: 64.67 | I96: =G96*H96
A97: ORD-1199 | B97: 45508 | C97: North | D97: Bruno | E97: Widget A | F97: Discount | I97: =G97*H97 | J97: TRUE
A98: ORD-1138 | B98: 45615 | C98: West | D98: Eduardo | E98: Widget A | F98: Discount | G98: 6 | I98: =G98*H98
A99: ORD-1072 | B99: 45394 | C99: South | D99: Eduardo | E99: Gadget B | F99: Premium | G99: 13 | H99: 49.91 | I99: =G99*H99 | J99: FALSE
A100: ORD-1158 | B100: 45538 | C100: North | D100: Daniela | E100: Widget A | F100: Standard | G100: 11 | I100: =G100*H100 | J100: TRUE
...

Sheet Table_2
A1: OrderID | B1: Date | C1: Region | D1: Seller | E1: Product | F1: Category | G1: Units | H1: UnitPrice | I1: Revenue | J1: Approved
A2: ORD-1171 | B2: 45614 | C2: South | D2: Fernanda | E2: Widget C | F2: Standard | H2: 60.53 | I2: =G2*H2
A3: ORD-1019 | B3: 45525 | C3: Central | D3: Daniela | E3: Widget C | F3: Discount | G3: 4 | I3: =G3*H3 | J3: TRUE
A4: ORD-1036 | B4: 45438 | C4: Central | D4: Eduardo | E4: Gadget B | F4: Discount | H4: 90.03 | I4: =G4*H4 | J4: FALSE
A5: ORD-1029 | B5: 45464 | C5: West | D5: Ana | E5: Widget C | F5: Standard | G5: 1 | I5: =G5*H5 | J5: TRUE
A6: ORD-1173 | B6: 45402 | C6: Central | D6: Bruno | E6: Gadget A | F6: Discount | H6: 38.45 | I6: =G6*H6 | J6: TRUE
A7: ORD-1098 | B7: 45432 | C7: Central | D7: Eduardo | E7: Gadget B | F7: Standard | G7: 9 | I7: =G7*H7 | J7: FALSE
A8: ORD-1020 | B8: 45607 | C8: Central | D8: Eduardo | E8: Gadget B | F8: Premium | G8: 13 | H8: 86.4 | I8: =G8*H8
A9: ORD-1015 | B9: 45621 | C9: South | D9: Eduardo | E9: Widget A | F9: Discount | H9: 28.01 | I9: =G9*H9
A10: ORD-1180 | B10: 45522 | C10: Central | D10: Daniela | E10: Gadget A | F10: Standard | G10: 2 | I10: =G10*H10
A11: ORD-1176 | B11: 45508 | C11: North | D11: Eduardo | E11: Widget C | F11: Standard | I11: =G11*H11 | J11: FALSE
A12: ORD-1039 | B12: 45358 | C12: South | D12: Carlos | E12: Widget B | F12: Premium | H12: 63.64 | I12: =G12*H12
A13: ORD-1078 | B13: 45359 | C13: South | D13: Carlos | E13: Widget A | F13: Discount | I13: =G13*H13 | J13: TRUE
A14: ORD-1060 | B14: 45407 | C14: Central | D14: Carlos | E14: Gadget A | F14: Standard | G14: 12 | H14: 113.48 | I14: =G14*H14 | J14: FALSE
A15: ORD-1043 | B15: 45542 | C15: Central | D15: Eduardo | E15: Widget A | F15: Discount | G15: 6 | H15: 116.3 | I15: =G15*H15 | J15: TRUE
A16: ORD-1182 | B16: 45546 | C16: West | D16: Eduardo | E16: Widget C | F16: Premium | G16: 6 | H16: 103.2 | I16: =G16*H16 | J16: FALSE
A17: ORD-1027 | B17: 45595 | C17: East | D17: Daniela | E17: Widget C | F17: Discount | G17: 14 | H17: 101.27 | I17: =G17*H17 | J17: FALSE
A18: ORD-1063 | B18: 45369 | C18: East | D18: Bruno | E18: Widget B | F18: Standard | G18: 15 | H18: 79.51 | I18: =G18*H18
A19: ORD-1139 | B19: 45465 | C19: East | D19: Carlos | E19: Gadget B | F19: Premium | G19: 7 | I19: =G19*H19
A20: ORD-1043 | B20: 45580 | C20: West | D20: Eduardo | E20: Gadget A | F20: Premium | I20: =G20*H20 | J20: FALSE
A21: ORD-1146 | B21: 45522 | C21: West | D21: Carlos | E21: Gadget A | F21: Premium | I21: =G21*H21 | J21: FALSE
A22: ORD-1192 | B22: 45576 | C22: Central | D22: Eduardo | E22: Widget A | F22: Premium | G22: 7 | I22: =G22*H22 | J22: TRUE
A23: ORD-1198 | B23: 45528 | C23: East | D23: Carlos | E23: Widget A | F23: Discount | G23: 13 | H23: 18.54 | I23: =G23*H23 | J23: FALSE
A24: ORD-1113 | B24: 45555 | C24: West | D24: Eduardo | E24: Gadget A | F24: Standard | I24: =G24*H24 | J24: TRUE
A25: ORD-1071 | B25: 45379 | C25: South | D25: Eduardo | E25: Widget A | F25: Discount | G25: 14 | H25: 67.82 | I25: =G25*H25
A26: ORD-1055 | B26: 45420 | C26: Central | D26: Bruno | E26: Widget C | F26: Premium | H26: 101.73 | I26: =G26*H26
A27: ORD-1030 | B27: 45608 | C27: North | D27: Eduardo | E27: Widget C | F27: Premium | H27: 35.75 | I27: =G27*H27 | J27: FALSE
A28: ORD-1048 | B28: 45445 | C28: Central | D28: Eduardo | E28: Gadget B | F28: Standard | G28: 6 | H28: 70.55 | I28: =G28*H28 | J28: TRUE
A29: ORD-1019 | B29: 45573 | C29: West | D29: Ana | E29: Widget A | F29: Standard | G29: 11 | H29: 99.4 | I29: =G29*H29 | J29: FALSE
A30: ORD-1144 | B30: 45304 | C30: South | D30: Eduardo | E30: Gadget B | F30: Premium | I30: =G30*H30 | J30: TRUE
A31: ORD-1156 | B31: 45384 | C31: East | D31: Carlos | E31: Widget A | F31: Premium | H31: 46.9 | I31: =G31*H31 | J31: TRUE
A32: ORD-1199 | B32: 45618 | C32: South | D32: Ana | E32: Widget B | F32: Discount | G32: 2 | H32: 29.3 | I32: =G32*H32
A33: ORD-1014 | B33: 45371 | C33: Central | D33: Daniela | E33: Widget B | F33: Premium | I33: =G33*H33 | J33: FALSE
A34: ORD-1174 | B34: 45299 | C34: Central | D34: Bruno | E34: Widget B | F34: Discount | I34: =G34*H34
A35: ORD-1129 | B35: 45540 | C35: North | D35: Daniela | E35: Gadget B | F35: Premium | G35: 9 | H35: 85.46 | I35: =G35*H35
A36: ORD-1175 | B36: 45338 | C36: South | D36: Ana | E36: Widget B | F36: Premium | G36: 3 | I36: =G36*H36
A37: ORD-1086 | B37: 45623 | C37: West | D37: Carlos | E37: Widget B | F37: Standard | I37: =G37*H37
A38: ORD-1105 | B38: 45315 | C38: South | D38: Fernanda | E38: Gadget B | F38: Discount | G38: 11 | H38: 65.52 | I38: =G38*H38 | J38: TRUE
A39: ORD-1127 | B39: 45392 | C39: North | D39: Eduardo | E39: Gadget A | F39: Discount | G39: 1 | I39: =G39*H39
A40: ORD-1104 | B40: 45372 | C40: Central | D40: Ana | E40: Gadget A | F40: Standard | I40: =G40*H40 | J40: FALSE
A41: ORD-1073 | B41: 45427 | C41: West | D41: Eduardo | E41: Gadget B | F41: Standard | G41: 8 | H41: 88.8 | I41: =G41*H41
A42: ORD-1138 | B42: 45389 | C42: South | D42: Ana | E42: Widget C | F42: Premium | G42: 14 | I42: =G42*H42 | J42: FALSE
A43: ORD-1002 | B43: 45596 | C43: North | D43: Daniela | E43: Gadget A | F43: Premium | G43: 13 | H43: 52.33 | I43: =G43*H43
A44: ORD-1194 | B44: 45490 | C44: West | D44: Daniela | E44: Gadget A | F44: Discount | I44: =G44*H44 | J44: TRUE
A45: ORD-1113 | B45: 45619 | C45: West | D45: Eduardo | E45: Widget B | F45: Standard | I45: =G45*H45 | J45: FALSE
A46: ORD-1179 | B46: 45531 | C46: Central | D46: Daniela | E46: Gadget A | F46: Discount | H46: 113.19 | I46: =G46*H46
A47: ORD-1019 | B47: 45617 | C47: Central | D47: Daniela | E47: Gadget A | F47: Premium | G47: 6 | H47: 107.6 | I47: =G47*H47 | J47: TRUE
A48: ORD-1092 | B48: 45518 | C48: North | D48: Ana | E48: Widget A | F48: Discount | G48: 7 | H48: 63.27 | I48: =G48*H48 | J48: FALSE
A49: ORD-1057 | B49: 45496 | C49: South | D49: Ana | E49: Widget B | F49: Premium | H49: 95.51 | I49: =G49*H49 | J49: TRUE
A50: ORD-1178 | B50: 45419 | C50: East | D50: Fernanda | E50: Gadget A | F50: Discount | H50: 79.49 | I50: =G50*H50
A51: ORD-1186 | B51: 45451 | C51: North | D51: Fernanda | E51: Widget C | F51: Standard | G51: 3 | I51: =G51*H51
A52: ORD-1044 | B52: 45357 | C52: North | D52: Daniela | E52: Gadget A | F52: Discount | H52: 19.59 | I52: =G52*H52
A53: ORD-1136 | B53: 45477 | C53: East | D53: Eduardo | E53: Gadget B | F53: Discount | G53: 10 | H53: 83.49 | I53: =G53*H53 | J53: FALSE
A54: ORD-1111 | B54: 45336 | C54: South | D54: Fernanda | E54: Widget C | F54: Standard | G54: 15 | H54: 47.53 | I54: =G54*H54 | J54: TRUE
A55: ORD-1040 | B55: 45639 | C55: Central | D55: Fernanda | E55: Widget B | F55: Premium | G55: 1 | H55: 85.25 | I55: =G55*H55 | J55: TRUE
A56: ORD-1137 | B56: 45394 | C56: Central | D56: Bruno | E56: Widget C | F56: Discount | H56: 86.54 | I56: =G56*H56 | J56: FALSE
A57: ORD-1021 | B57: 45356 | C57: South | D57: Fernanda | E57: Widget C | F57: Discount | I57: =G57*H57 | J57: FALSE
A58: ORD-1111 | B58: 45501 | C58: West | D58: Eduardo | E58: Gadget A | F58: Standard | I58: =G58*H58 | J58: FALSE
A59: ORD-1155 | B59: 45553 | C59: Central | D59: Ana | E59: Widget A | F59: Premium | I59: =G59*H59
A60: ORD-1061 | B60: 45312 | C60: East | D60: Fernanda | E60: Widget A | F60: Premium | G60: 15 | I60: =G60*H60 | J60: TRUE
A61: ORD-1168 | B61: 45436 | C61: West | D61: Ana | E61: Gadget A | F61: Standard | G61: 12 | H61: 39.2 | I61: =G61*H61 | J61: FALSE
A62: ORD-1034 | B62: 45347 | C62: Central | D62: Eduardo | E62: Widget C | F62: Discount | I62: =G62*H62 | J62: TRUE
A63: ORD-1009 | B63: 45657 | C63: South | D63: Eduardo | E63: Widget B | F63: Premium | I63: =G63*H63
A64: ORD-1027 | B64: 45434 | C64: Central | D64: Carlos | E64: Widget B | F64: Discount | G64: 6 | I64: =G64*H64 | J64: TRUE
A65: ORD-1155 | B65: 45526 | C65: East | D65: Ana | E65: Widget C | F65: Premium | G65: 14 | I65: =G65*H65 | J65: TRUE
A66: ORD-1049 | B66: 45373 | C66: North | D66: Daniela | E66: Gadget B | F66: Premium | I66: =G66*H66
A67: ORD-1098 | B67: 45560 | C67: South | D67: Ana | E67: Widget A | F67: Discount | I67: =G67*H67
A68: ORD-1089 | B68: 45376 | C68: West | D68: Eduardo | E68: Gadget A | F68: Standard | H68: 7.44 | I68: =G68*H68
A69: ORD-1134 | B69: 45470 | C69: South | D69: Ana | E69: Widget A | F69: Standard | G69: 4 | H69: 77.76 | I69: =G69*H69
A70: ORD-1007 | B70: 45462 | C70: West | D70: Eduardo | E70: Widget C | F70: Discount | G70: 6 | H70: 119.58 | I70: =G70*H70 | J70: TRUE
A71: ORD-1151 | B71: 45517 | C71: East | D71: Bruno | E71: Gadget B | F71: Discount | I71: =G71*H71 | J71: TRUE
A72: ORD-1161 | B72: 45397 | C72: South | D72: Daniela | E72: Widget C | F72: Discount | G72: 9 | H72: 62.39 | I72: =G72*H72 | J72: FALSE
A73: ORD-1099 | B73: 45532 | C73: West | D73: Daniela | E73: Widget B | F73: Standard | H73: 49.47 | I73: =G73*H73 | J73: TRUE
A74: ORD-1012 | B74: 45313 | C74: West | D74: Bruno | E74: Widget A | F74: Standard | H74: 111.79 | I74: =G74*H74 | J74: FALSE
A75: ORD-1189 | B75: 45412 | C75: West | D75: Fernanda | E75: Widget C | F75: Discount | I75: =G75*H75
A76: ORD-1026 | B76: 45557 | C76: East | D76: Daniela | E76: Widget B | F76: Premium | G76: 9 | H76: 64.43 | I76: =G76*H76
A77: ORD-1035 | B77: 45428 | C77: North | D77: Daniela | E77: Widget C | F77: Discount | G77: 15 | I77: =G77*H77 | J77: FALSE
A78: ORD-1123 | B78: 45465 | C78: North | D78: Eduardo | E78: Widget C | F78: Discount | G78: 2 | H78: 94.5 | I78: =G78*H78
A79: ORD-1194 | B79: 45453 | C79: Central | D79: Eduardo | E79: Widget C | F79: Discount | G79: 15 | H79: 80.8 | I79: =G79*H79 | J79: TRUE
A80: ORD-1100 | B80: 45411 | C80: North | D80: Carlos | E80: Gadget A | F80: Discount | H80: 40.02 | I80: =G80*H80 | J80: TRUE
A81: ORD-1013 | B81: 45527 | C81: East | D81: Daniela | E81: Widget A | F81: Standard | I81: =G81*H81 | J81: FALSE
A82: ORD-1051 | B82: 45584 | C82: East | D82: Daniela | E82: Widget A | F82: Standard | G82: 2 | H82: 39.77 | I82: =G82*H82
A83: ORD-1118 | B83: 45359 | C83: South | D83: Daniela | E83: Gadget B | F83: Premium | G83: 9 | I83: =G83*H83
A84: ORD-1072 | B84: 45615 | C84: West | D84: Daniela | E84: Widget C | F84: Standard | G84: 15 | I84: =G84*H84
A85: ORD-1061 | B85: 45478 | C85: Central | D85: Daniela | E85: Gadget A | F85: Discount | G85: 14 | H85: 65.62 | I85: =G85*H85
A86: ORD-1087 | B86: 45446 | C86: South | D86: Ana | E86: Gadget A | F86: Standard | G86: 3 | I86: =G86*H86 | J86: TRUE
A87: ORD-1012 | B87: 45452 | C87: East | D87: Eduardo | E87: Gadget A | F87: Premium | G87: 7 | H87: 90.57 | I87: =G87*H87
A88: ORD-1142 | B88: 45478 | C88: Central | D88: Daniela | E88: Gadget B | F88: Standard | G88: 11 | I88: =G88*H88
A89: ORD-1189 | B89: 45365 | C89: West | D89: Ana | E89: Widget A | F89: Standard | I89: =G89*H89 | J89: FALSE
A90: ORD-1111 | B90: 45641 | C90: Central | D90: Daniela | E90: Widget B | F90: Standard | G90: 6 | I90: =G90*H90 | J90: FALSE
A91: ORD-1064 | B91: 45355 | C91: North | D91: Eduardo | E91: Gadget B | F91: Discount | I91: =G91*H91
A92: ORD-1157 | B92: 45625 | C92: North | D92: Eduardo | E92: Widget A | F92: Discount | G92: 13 | I92: =G92*H92
A93: ORD-1150 | B93: 45334 | C93: East | D93: Daniela | E93: Widget C | F93: Discount | H93: 118 | I93: =G93*H93
A94: ORD-1131 | B94: 45556 | C94: North | D94: Bruno | E94: Widget A | F94: Discount | G94: 6 | I94: =G94*H94 | J94: FALSE
A95: ORD-1165 | B95: 45424 | C95: West | D95: Ana | E95: Widget B | F95: Premium | G95: 8 | H95: 49.31 | I95: =G95*H95 | J95: TRUE
A96: ORD-1091 | B96: 45411 | C96: West | D96: Eduardo | E96: Widget A | F96: Premium | G96: 12 | I96: =G96*H96 | J96: TRUE
A97: ORD-1037 | B97: 45500 | C97: West | D97: Bruno | E97: Widget A | F97: Premium | G97: 1 | I97: =G97*H97 | J97: FALSE
A98: ORD-1020 | B98: 45451 | C98: East | D98: Fernanda | E98: Gadget A | F98: Premium | G98: 5 | I98: =G98*H98 | J98: FALSE
A99: ORD-1068 | B99: 45365 | C99: South | D99: Ana | E99: Gadget A | F99: Premium | G99: 8 | I99: =G99*H99
A100: ORD-1137 | B100: 45406 | C100: South | D100: Eduardo | E100: Widget A | F100: Premium | G100: 2 | H100: 93.03 | I100: =G100*H100
...

Sheet Table_3
A1: OrderID | B1: Date | C1: Region | D1: Seller | E1: Product | F1: Category | G1: Units | H1: UnitPrice | I1: Revenue | J1: Approved
A2: ORD-1017 | B2: 45391 | C2: Central | D2: Carlos | E2: Widget B | F2: Discount | G2: 12 | H2: 32.65 | I2: =G2*H2
A3: ORD-1192 | B3: 45318 | C3: North | D3: Bruno | E3: Widget B | F3: Discount | G3: 11 | H3: 83.96 | I3: =G3*H3 | J3: TRUE
A4: ORD-1015 | B4: 45353 | C4: South | D4: Bruno | E4: Widget B | F4: Premium | I4: =G4*H4
A5: ORD-1018 | B5: 45450 | C5: North | D5: Fernanda | E5: Widget A | F5: Discount | G5: 8 | H5: 88.39 | I5: =G5*H5
A6: ORD-1078 | B6: 45416 | C6: South | D6: Ana | E6: Gadget A | F6: Standard | I6: =G6*H6
A7: ORD-1023 | B7: 45296 | C7: East | D7: Daniela | E7: Widget C | F7: Standard | H7: 43.45 | I7: =G7*H7 | J7: TRUE
A8: ORD-1171 | B8: 45384 | C8: South | D8: Bruno | E8: Gadget A | F8: Discount | H8: 90.49 | I8: =G8*H8 | J8: TRUE
A9: ORD-1036 | B9: 45576 | C9: West | D9: Bruno | E9: Gadget B | F9: Discount | G9: 4 | I9: =G9*H9
A10: ORD-1116 | B10: 45486 | C10: West | D10: Bruno | E10: Widget A | F10: Standard | G10: 11 | H10: 97.32 | I10: =G10*H10
A11: ORD-1186 | B11: 45474 | C11: South | D11: Ana | E11: Widget B | F11: Discount | G11: 15 | I11: =G11*H11 | J11: FALSE
A12: ORD-1127 | B12: 45394 | C12: East | D12: Carlos | E12: Widget A | F12: Premium | G12: 7 | I12: =G12*H12
A13: ORD-1127 | B13: 45556 | C13: East | D13: Daniela | E13: Gadget A | F13: Standard | I13: =G13*H13 | J13: TRUE
A14: ORD-1068 | B14: 45358 | C14: West | D14: Carlos | E14: Widget A | F14: Discount | H14: 65.72 | I14: =G14*H14
A15: ORD-1103 | B15: 45504 | C15: South | D15: Daniela | E15: Widget B | F15: Premium | G15: 3 | I15: =G15*H15 | J15: FALSE
A16: ORD-1102 | B16: 45531 | C16: North | D16: Eduardo | E16: Gadget A | F16: Premium | I16: =G16*H16 | J16: FALSE
A17: ORD-1057 | B17: 45508 | C17: North | D17: Daniela | E17: Gadget A | F17: Standard | I17: =G17*H17
A18: ORD-1061 | B18: 45473 | C18: North | D18: Ana | E18: Gadget B | F18: Premium | I18: =G18*H18
A19: ORD-1130 | B19: 45526 | C19: West | D19: Bruno | E19: Gadget A | F19: Discount | H19: 98.31 | I19: =G19*H19 | J19: FALSE
A20: ORD-1007 | B20: 45320 | C20: Central | D20: Daniela | E20: Gadget B | F20: Premium | G20: 4 | I20: =G20*H20 | J20: TRUE
A21: ORD-1200 | B21: 45386 | C21: West | D21: Ana | E21: Widget C | F21: Premium | H21: 17.49 | I21: =G21*H21
A22: ORD-1021 | B22: 45522 | C22: West | D22: Eduardo | E22: Gadget B | F22: Discount | G22: 13 | I22: =G22*H22 | J22: TRUE
A23: ORD-1041 | B23: 45622 | C23: East | D23: Bruno | E23: Widget A | F23: Premium | G23: 8 | H23: 50.22 | I23: =G23*H23
A24: ORD-1041 | B24: 45389 | C24: South | D24: Eduardo | E24: Widget A | F24: Premium | H24: 55.63 | I24: =G24*H24 | J24: FALSE
A25: ORD-1146 | B25: 45418 | C25: East | D25: Ana | E25: Widget B | F25: Premium | G25: 2 | I25: =G25*H25 | J25: TRUE
A26: ORD-1023 | B26: 45478 | C26: South | D26: Fernanda | E26: Widget A | F26: Discount | H26: 107.05 | I26: =G26*H26 | J26: FALSE
A27: ORD-1196 | B27: 45353 | C27: North | D27: Fernanda | E27: Gadget B | F27: Standard | G27: 1 | H27: 60.74 | I27: =G27*H27 | J27: FALSE
A28: ORD-1084 | B28: 45603 | C28: Central | D28: Eduardo | E28: Widget B | F28: Standard | H28: 69.2 | I28: =G28*H28
A29: ORD-1019 | B29: 45636 | C29: South | D29: Eduardo | E29: Gadget B | F29: Premium | G29: 5 | I29: =G29*H29 | J29: TRUE
A30: ORD-1156 | B30: 45594 | C30: South | D30: Bruno | E30: Widget A | F30: Premium | H30: 17.86 | I30: =G30*H30
A31: ORD-1003 | B31: 45324 | C31: West | D31: Bruno | E31: Widget B | F31: Premium | H31: 116.57 | I31: =G31*H31 | J31: FALSE
A32: ORD-1035 | B32: 45296 | C32: North | D32: Carlos | E32: Gadget B | F32: Standard | G32: 11 | I32: =G32*H32 | J32: TRUE
A33: ORD-1052 | B33: 45333 | C33: Central | D33: Bruno | E33: Widget B | F33: Standard | H33: 85.39 | I33: =G33*H33
A34: ORD-1010 | B34: 45509 | C34: East | D34: Carlos | E34: Gadget A | F34: Premium | H34: 46.95 | I34: =G34*H34 | J34: FALSE
A35: ORD-1129 | B35: 45603 | C35: South | D35: Bruno | E35: Gadget A | F35: Discount | I35: =G35*H35 | J35: TRUE
A36: ORD-1185 | B36: 45645 | C36: Central | D36: Bruno | E36: Widget A | F36: Discount | H36: 59.07 | I36: =G36*H36 | J36: FALSE
A37: ORD-1073 | B37: 45489 | C37: Central | D37: Bruno | E37: Gadget A | F37: Discount | G37: 1 | H37: 48.85 | I37: =G37*H37 | J37: FALSE
A38: ORD-1123 | B38: 45625 | C38: South | D38: Fernanda | E38: Widget C | F38: Premium | I38: =G38*H38
A39: ORD-1007 | B39: 45498 | C39: Central | D39: Daniela | E39: Gadget B | F39: Standard | G39: 13 | I39: =G39*H39 | J39: FALSE
A40: ORD-1150 | B40: 45366 | C40: Central | D40: Bruno | E40: Widget A | F40: Premium | G40: 2 | H40: 58.66 | I40: =G40*H40 | J40: TRUE
A41: ORD-1052 | B41: 45370 | C41: West | D41: Eduardo | E41: Gadget A | F41: Standard | G41: 5 | I41: =G41*H41
A42: ORD-1034 | B42: 45331 | C42: West | D42: Fernanda | E42: Gadget B | F42: Premium | I42: =G42*H42 | J42: TRUE
A43: ORD-1025 | B43: 45584 | C43: Central | D43: Fernanda | E43: Gadget A | F43: Premium | G43: 7 | H43: 67.27 | I43: =G43*H43
A44: ORD-1089 | B44: 45509 | C44: South | D44: Ana | E44: Widget B | F44: Standard | I44: =G44*H44 | J44: FALSE
A45: ORD-1017 | B45: 45649 | C45: Central | D45: Ana | E45: Gadget A | F45: Premium | H45: 59.13 | I45: =G45*H45
A46: ORD-1098 | B46: 45360 | C46: East | D46: Ana | E46: Gadget B | F46: Discount | H46: 58.62 | I46: =G46*H46
A47: ORD-1097 | B47: 45356 | C47: East | D47: Bruno | E47: Gadget A | F47: Standard | H47: 45.87 | I47: =G47*H47 | J47: FALSE
A48: ORD-1069 | B48: 45589 | C48: Central | D48: Ana | E48: Widget A | F48: Standard | G48: 13 | I48: =G48*H48
A49: ORD-1198 | B49: 45575 | C49: West | D49: Ana | E49: Gadget B | F49: Discount | I49: =G49*H49 | J49: FALSE
A50: ORD-1023 | B50: 45400 | C50: South | D50: Carlos | E50: Widget B | F50: Standard | H50: 72.73 | I50: =G50*H50 | J50: FALSE
A51: ORD-1121 | B51: 45483 | C51: East | D51: Daniela | E51: Gadget A | F51: Premium | H51: 33.19 | I51: =G51*H51
A52: ORD-1096 | B52: 45558 | C52: East | D52: Daniela | E52: Widget B | F52: Discount | H52: 14.85 | I52: =G52*H52
A53: ORD-1124 | B53: 45351 | C53: East | D53: Ana | E53: Gadget A | F53: Standard | H53: 26.55 | I53: =G53*H53 | J53: FALSE
A54: ORD-1115 | B54: 45369 | C54: East | D54: Eduardo | E54: Widget C | F54: Premium | G54: 13 | H54: 23.99 | I54: =G54*H54 | J54: TRUE
A55: ORD-1093 | B55: 45569 | C55: East | D55: Fernanda | E55: Widget B | F55: Discount | H55: 10.31 | I55: =G55*H55
A56: ORD-1071 | B56: 45309 | C56: Central | D56: Fernanda | E56: Widget B | F56: Premium | H56: 25.78 | I56: =G56*H56
A57: ORD-1133 | B57: 45590 | C57: North | D57: Carlos | E57: Gadget A | F57: Discount | H57: 62.39 | I57: =G57*H57 | J57: FALSE
A58: ORD-1141 | B58: 45356 | C58: Central | D58: Fernanda | E58: Widget A | F58: Premium | G58: 11 | I58: =G58*H58
A59: ORD-1135 | B59: 45594 | C59: East | D59: Eduardo | E59: Gadget A | F59: Standard | G59: 10 | H59: 100.21 | I59: =G59*H59 | J59: TRUE
A60: ORD-1042 | B60: 45417 | C60: East | D60: Carlos | E60: Widget B | F60: Discount | G60: 1 | H60: 26.51 | I60: =G60*H60 | J60: FALSE
A61: ORD-1018 | B61: 45388 | C61: South | D61: Carlos | E61: Widget C | F61: Standard | G61: 11 | H61: 10.5 | I61: =G61*H61 | J61: TRUE
A62: ORD-1039 | B62: 45319 | C62: North | D62: Fernanda | E62: Widget C | F62: Premium | H62: 85.89 | I62: =G62*H62
A63: ORD-1184 | B63: 45388 | C63: Central | D63: Carlos | E63: Gadget B | F63: Premium | G63: 15 | H63: 72.37 | I63: =G63*H63 | J63: FALSE
A64: ORD-1073 | B64: 45434 | C64: South | D64: Fernanda | E64: Gadget B | F64: Premium | I64: =G64*H64 | J64: FALSE
A65: ORD-1091 | B65: 45422 | C65: West | D65: Fernanda | E65: Widget B | F65: Premium | G65: 4 | I65: =G65*H65 | J65: FALSE
A66: ORD-1063 | B66: 45630 | C66: East | D66: Daniela | E66: Gadget B | F66: Premium | H66: 22.44 | I66: =G66*H66 | J66: FALSE
A67: ORD-1089 | B67: 45593 | C67: South | D67: Daniela | E67: Widget C | F67: Standard | H67: 90.44 | I67: =G67*H67 | J67: TRUE
A68: ORD-1137 | B68: 45410 | C68: East | D68: Carlos | E68: Widget B | F68: Discount | G68: 1 | I68: =G68*H68 | J68: FALSE
A69: ORD-1067 | B69: 45301 | C69: East | D69: Daniela | E69: Gadget A | F69: Premium | G69: 11 | H69: 31.42 | I69: =G69*H69
A70: ORD-1045 | B70: 45320 | C70: North | D70: Ana | E70: Widget C | F70: Standard | G70: 11 | I70: =G70*H70 | J70: FALSE
A71: ORD-1151 | B71: 45454 | C71: Central | D71: Fernanda | E71: Widget B | F71: Discount | I71: =G71*H71 | J71: FALSE
A72: ORD-1190 | B72: 45457 | C72: East | D72: Bruno | E72: Widget A | F72: Discount | H72: 97.32 | I72: =G72*H72 | J72: FALSE
A73: ORD-1009 | B73: 45336 | C73: East | D73: Bruno | E73: Gadget A | F73: Premium | G73: 10 | I73: =G73*H73 | J73: FALSE
A74: ORD-1113 | B74: 45316 | C74: South | D74: Eduardo | E74: Gadget B | F74: Premium | H74: 71.38 | I74: =G74*H74
A75: ORD-1092 | B75: 45320 | C75: North | D75: Fernanda | E75: Widget A | F75: Standard | G75: 11 | H75: 6.55 | I75: =G75*H75 | J75: TRUE
A76: ORD-1065 | B76: 45358 | C76: North | D76: Fernanda | E76: Gadget A | F76: Discount | H76: 73.22 | I76: =G76*H76 | J76: FALSE
A77: ORD-1015 | B77: 45606 | C77: East | D77: Eduardo | E77: Widget C | F77: Discount | H77: 88.82 | I77: =G77*H77 | J77: FALSE
A78: ORD-1019 | B78: 45446 | C78: West | D78: Eduardo | E78: Widget B | F78: Discount | G78: 5 | I78: =G78*H78 | J78: FALSE
A79: ORD-1104 | B79: 45301 | C79: Central | D79: Daniela | E79: Widget A | F79: Premium | H79: 55.87 | I79: =G79*H79
A80: ORD-1098 | B80: 45636 | C80: North | D80: Daniela | E80: Gadget A | F80: Premium | G80: 1 | I80: =G80*H80
A81: ORD-1051 | B81: 45397 | C81: South | D81: Carlos | E81: Widget A | F81: Standard | I81: =G81*H81 | J81: FALSE
A82: ORD-1187 | B82: 45497 | C82: South | D82: Fernanda | E82: Widget C | F82: Discount | H82: 103.96 | I82: =G82*H82 | J82: TRUE
A83: ORD-1095 | B83: 45555 | C83: Central | D83: Fernanda | E83: Widget C | F83: Premium | H83: 96.3 | I83: =G83*H83 | J83: FALSE
A84: ORD-1147 | B84: 45602 | C84: West | D84: Daniela | E84: Widget A | F84: Premium | I84: =G84*H84 | J84: FALSE
A85: ORD-1138 | B85: 45620 | C85: East | D85: Fernanda | E85: Gadget B | F85: Standard | H85: 86.88 | I85: =G85*H85
A86: ORD-1151 | B86: 45577 | C86: West | D86: Fernanda | E86: Widget A | F86: Premium | I86: =G86*H86
A87: ORD-1099 | B87: 45411 | C87: East | D87: Fernanda | E87: Widget B | F87: Discount | G87: 11 | I87: =G87*H87 | J87: FALSE
A88: ORD-1084 | B88: 45464 | C88: East | D88: Bruno | E88: Gadget A | F88: Standard | I88: =G88*H88 | J88: FALSE
A89: ORD-1091 | B89: 45377 | C89: East | D89: Daniela | E89: Widget A | F89: Standard | G89: 9 | I89: =G89*H89
A90: ORD-1154 | B90: 45413 | C90: Central | D90: Fernanda | E90: Widget C | F90: Discount | G90: 3 | H90: 70.75 | I90: =G90*H90
A91: ORD-1112 | B91: 45384 | C91: North | D91: Fernanda | E91: Widget C | F91: Premium | I91: =G91*H91 | J91: TRUE
A92: ORD-1180 | B92: 45296 | C92: West | D92: Bruno | E92: Widget C | F92: Premium | G92: 8 | H92: 83.09 | I92: =G92*H92 | J92: TRUE
A93: ORD-1118 | B93: 45454 | C93: South | D93: Ana | E93: Widget C | F93: Standard | H93: 101.34 | I93: =G93*H93 | J93: FALSE
A94: ORD-1000 | B94: 45528 | C94: West | D94: Bruno | E94: Gadget B | F94: Discount | I94: =G94*H94 | J94: TRUE
A95: ORD-1041 | B95: 45455 | C95: West | D95: Carlos | E95: Widget C | F95: Discount | G95: 14 | I95: =G95*H95
A96: ORD-1020 | B96: 45321 | C96: North | D96: Fernanda | E96: Widget B | F96: Standard | G96: 12 | I96: =G96*H96 | J96: TRUE
A97: ORD-1186 | B97: 45296 | C97: East | D97: Carlos | E97: Widget B | F97: Premium | I97: =G97*H97 | J97: FALSE
A98: ORD-1007 | B98: 45579 | C98: North | D98: Eduardo | E98: Widget A | F98: Discount | G98: 1 | H98: 49.85 | I98: =G98*H98
A99: ORD-1162 | B99: 45393 | C99: North | D99: Ana | E99: Gadget B | F99: Discount | G99: 11 | H99: 24.75 | I99: =G99*H99
A100: ORD-1020 | B100: 45574 | C100: Central | D100: Daniela | E100: Gadget B | F100: Discount | G100: 5 | I100: =G100*H100
...

Sheet Table_4
A1: OrderID | B1: Date | C1: Region | D1: Seller | E1: Product | F1: Category | G1: Units | H1: UnitPrice | I1: Revenue | J1: Approved
A2: ORD-1076 | B2: 45518 | C2: North | D2: Carlos | E2: Widget B | F2: Standard | I2: =G2*H2
A3: ORD-1019 | B3: 45648 | C3: South | D3: Carlos | E3: Widget A | F3: Standard | H3: 85.08 | I3: =G3*H3 | J3: FALSE
A4: ORD-1175 | B4: 45536 | C4: West | D4: Eduardo | E4: Widget B | F4: Premium | G4: 4 | H4: 42.12 | I4: =G4*H4
A5: ORD-1062 | B5: 45510 | C5: South | D5: Bruno | E5: Widget B | F5: Premium | G5: 14 | I5: =G5*H5 | J5: TRUE
A6: ORD-1099 | B6: 45454 | C6: West | D6: Fernanda | E6: Widget B | F6: Discount | H6: 36.5 | I6: =G6*H6
A7: ORD-1092 | B7: 45363 | C7: North | D7: Bruno | E7: Widget B | F7: Premium | I7: =G7*H7 | J7: FALSE
A8: ORD-1099 | B8: 45340 | C8: East | D8: Bruno | E8: Widget A | F8: Standard | G8: 5 | H8: 93.96 | I8: =G8*H8 | J8: FALSE
A9: ORD-1014 | B9: 45455 | C9: South | D9: Bruno | E9: Widget A | F9: Premium | I9: =G9*H9 | J9: TRUE
A10: ORD-1131 | B10: 45430 | C10: East | D10: Daniela | E10: Widget C | F10: Premium | G10: 11 | I10: =G10*H10
A11: ORD-1195 | B11: 45445 | C11: Central | D11: Fernanda | E11: Widget C | F11: Standard | G11: 2 | I11: =G11*H11 | J11: FALSE
A12: ORD-1086 | B12: 45293 | C12: West | D12: Ana | E12: Gadget B | F12: Discount | H12: 86.81 | I12: =G12*H12
A13: ORD-1102 | B13: 45419 | C13: Central | D13: Fernanda | E13: Widget A | F13: Premium | I13: =G13*H13 | J13: TRUE
A14: ORD-1014 | B14: 45591 | C14: South | D14: Ana | E14: Gadget A | F14: Standard | G14: 10 | H14: 59.55 | I14: =G14*H14 | J14: FALSE
A15: ORD-1031 | B15: 45530 | C15: North | D15: Bruno | E15: Widget B | F15: Premium | G15: 10 | H15: 107.09 | I15: =G15*H15 | J15: FALSE
A16: ORD-1077 | B16: 45558 | C16: East | D16: Carlos | E16: Gadget A | F16: Standard | G16: 10 | I16: =G16*H16 | J16: TRUE
A17: ORD-1040 | B17: 45398 | C17: East | D17: Fernanda | E17: Widget C | F17: Standard | G17: 14 | I17: =G17*H17 | J17: FALSE
A18: ORD-1195 | B18: 45526 | C18: West | D18: Bruno | E18: Gadget B | F18: Standard | H18: 41.36 | I18: =G18*H18
A19: ORD-1053 | B19: 45475 | C19: West | D19: Carlos | E19: Widget C | F19: Premium | I19: =G19*H19
A20: ORD-1123 | B20: 45326 | C20: South | D20: Ana | E20: Widget A | F20: Premium | I20: =G20*H20
A21: ORD-1094 | B21: 45474 | C21: East | D21: Eduardo | E21: Widget C | F21: Discount | G21: 15 | I21: =G21*H21
A22: ORD-1002 | B22: 45539 | C22: North | D22: Daniela | E22: Widget C | F22: Standard | I22: =G22*H22 | J22: TRUE
A23: ORD-1111 | B23: 45563 | C23: Central | D23: Fernanda | E23: Widget B | F23: Premium | I23: =G23*H23 | J23: TRUE
A24: ORD-1028 | B24: 45417 | C24: West | D24: Fernanda | E24: Gadget B | F24: Discount | I24: =G24*H24
A25: ORD-1122 | B25: 45524 | C25: Central | D25: Fernanda | E25: Gadget B | F25: Standard | H25: 86.01 | I25: =G25*H25 | J25: TRUE
A26: ORD-1100 | B26: 45588 | C26: East | D26: Eduardo | E26: Gadget A | F26: Standard | G26: 14 | I26: =G26*H26
A27: ORD-1093 | B27: 45597 | C27: Central | D27: Ana | E27: Gadget A | F27: Discount | G27: 15 | H27: 67.31 | I27: =G27*H27 | J27: TRUE
A28: ORD-1018 | B28: 45583 | C28: South | D28: Bruno | E28: Widget B | F28: Premium | G28: 7 | H28: 108.29 | I28: =G28*H28 | J28: FALSE
A29: ORD-1009 | B29: 45367 | C29: Central | D29: Fernanda | E29: Widget A | F29: Standard | G29: 1 | I29: =G29*H29 | J29: TRUE
A30: ORD-1135 | B30: 45319 | C30: South | D30: Carlos | E30: Gadget A | F30: Standard | H30: 71.3 | I30: =G30*H30 | J30: TRUE
A31: ORD-1080 | B31: 45355 | C31: West | D31: Fernanda | E31: Widget C | F31: Discount | G31: 1 | H31: 37.9 | I31: =G31*H31 | J31: TRUE
A32: ORD-1139 | B32: 45390 | C32: South | D32: Carlos | E32: Widget C | F32: Standard | G32: 14 | H32: 104.72 | I32: =G32*H32 | J32: TRUE
A33: ORD-1189 | B33: 45484 | C33: West | D33: Ana | E33: Gadget B | F33: Standard | I33: =G33*H33 | J33: TRUE
A34: ORD-1180 | B34: 45370 | C34: Central | D34: Carlos | E34: Widget C | F34: Standard | G34: 9 | I34: =G34*H34
A35: ORD-1026 | B35: 45612 | C35: Central | D35: Eduardo | E35: Widget C | F35: Premium | H35: 109.12 | I35: =G35*H35 | J35: TRUE
A36: ORD-1174 | B36: 45305 | C36: South | D36: Daniela | E36: Gadget B | F36: Premium | G36: 6 | H36: 97.59 | I36: =G36*H36 | J36: FALSE
A37: ORD-1166 | B37: 45410 | C37: South | D37: Daniela | E37: Widget A | F37: Premium | H37: 52.81 | I37: =G37*H37
A38: ORD-1037 | B38: 45385 | C38: West | D38: Bruno | E38: Widget C | F38: Discount | G38: 14 | H38: 38.51 | I38: =G38*H38 | J38: TRUE
A39: ORD-1190 | B39: 45649 | C39: West | D39: Eduardo | E39: Gadget A | F39: Standard | G39: 9 | I39: =G39*H39
A40: ORD-1038 | B40: 45355 | C40: South | D40: Ana | E40: Gadget A | F40: Standard | I40: =G40*H40
A41: ORD-1108 | B41: 45636 | C41: Central | D41: Daniela | E41: Widget B | F41: Discount | I41: =G41*H41
A42: ORD-1067 | B42: 45589 | C42: East | D42: Ana | E42: Widget A | F42: Discount | G42: 10 | I42: =G42*H42
A43: ORD-1181 | B43: 45650 | C43: Central | D43: Daniela | E43: Gadget A | F43: Premium | G43: 7 | I43: =G43*H43 | J43: FALSE
A44: ORD-1154 | B44: 45491 | C44: North | D44: Eduardo | E44: Widget C | F44: Discount | G44: 5 | I44: =G44*H44
A45: ORD-1146 | B45: 45425 | C45: South | D45: Ana | E45: Widget C | F45: Premium | G45: 10 | I45: =G45*H45 | J45: FALSE
A46: ORD-1067 | B46: 45480 | C46: East | D46: Eduardo | E46: Widget B | F46: Discount | H46: 53.41 | I46: =G46*H46
A47: ORD-1019 | B47: 45623 | C47: East | D47: Ana | E47: Gadget A | F47: Discount | H47: 61.64 | I47: =G47*H47 | J47: FALSE
A48: ORD-1004 | B48: 45657 | C48: North | D48: Daniela | E48: Gadget A | F48: Discount | G48: 8 | H48: 33.44 | I48: =G48*H48 | J48: TRUE
A49: ORD-1177 | B49: 45468 | C49: West | D49: Fernanda | E49: Gadget A | F49: Premium | G49: 3 | I49: =G49*H49 | J49: TRUE
A50: ORD-1124 | B50: 45648 | C50: East | D50: Fernanda | E50: Widget B | F50: Discount | I50: =G50*H50 | J50: TRUE
A51: ORD-1064 | B51: 45494 | C51: East | D51: Fernanda | E51: Widget C | F51: Standard | I51: =G51*H51
A52: ORD-1191 | B52: 45338 | C52: Central | D52: Eduardo | E52: Widget C | F52: Discount | H52: 38.27 | I52: =G52*H52 | J52: TRUE
A53: ORD-1053 | B53: 45449 | C53: West | D53: Carlos | E53: Widget C | F53: Standard | G53: 1 | I53: =G53*H53 | J53: TRUE
A54: ORD-1172 | B54: 45620 | C54: East | D54: Eduardo | E54: Widget A | F54: Discount | G54: 1 | I54: =G54*H54 | J54: FALSE
A55: ORD-1059 | B55: 45540 | C55: South | D55: Daniela | E55: Widget B | F55: Standard | I55: =G55*H55 | J55: TRUE
A56: ORD-1088 | B56: 45351 | C56: East | D56: Bruno | E56: Gadget B | F56: Premium | H56: 97.07 | I56: =G56*H56
A57: ORD-1017 | B57: 45429 | C57: South | D57: Carlos | E57: Gadget A | F57: Premium | H57: 102.83 | I57: =G57*H57 | J57: TRUE
A58: ORD-1180 | B58: 45618 | C58: North | D58: Eduardo | E58: Gadget A | F58: Premium | H58: 117.54 | I58: =G58*H58 | J58: TRUE
A59: ORD-1064 | B59: 45540 | C59: Central | D59: Eduardo | E59: Widget B | F59: Standard | G59: 1 | I59: =G59*H59 | J59: FALSE
A60: ORD-1197 | B60: 45475 | C60: East | D60: Fernanda | E60: Gadget A | F60: Standard | H60: 57.84 | I60: =G60*H60 | J60: FALSE
A61: ORD-1009 | B61: 45367 | C61: West | D61: Daniela | E61: Widget A | F61: Premium | I61: =G61*H61 | J61: TRUE
A62: ORD-1054 | B62: 45545 | C62: South | D62: Carlos | E62: Widget A | F62: Premium | G62: 10 | H62: 44 | I62: =G62*H62
A63: ORD-1083 | B63: 45353 | C63: East | D63: Eduardo | E63: Widget C | F63: Premium | I63: =G63*H63
A64: ORD-1107 | B64: 45399 | C64: East | D64: Bruno | E64: Widget C | F64: Discount | G64: 3 | H64: 38.94 | I64: =G64*H64 | J64: TRUE
A65: ORD-1197 | B65: 45353 | C65: East | D65: Daniela | E65: Widget B | F65: Discount | I65: =G65*H65 | J65: TRUE
A66: ORD-1049 | B66: 45562 | C66: West | D66: Eduardo | E66: Gadget B | F66: Premium | G66: 8 | H66: 10.23 | I66: =G66*H66 | J66: FALSE
A67: ORD-1083 | B67: 45605 | C67: Central | D67: Bruno | E67: Gadget A | F67: Premium | I67: =G67*H67 | J67: FALSE
A68: ORD-1159 | B68: 45394 | C68: North | D68: Bruno | E68: Widget C | F68: Premium | I68: =G68*H68 | J68: FALSE
A69: ORD-1145 | B69: 45487 | C69: Central | D69: Ana | E69: Widget A | F69: Standard | G69: 5 | H69: 46.27 | I69: =G69*H69 | J69: TRUE
A70: ORD-1020 | B70: 45544 | C70: South | D70: Eduardo | E70: Gadget A | F70: Premium | H70: 89.11 | I70: =G70*H70
A71: ORD-1189 | B71: 45437 | C71: West | D71: Ana | E71: Gadget A | F71: Discount | I71: =G71*H71
A72: ORD-1035 | B72: 45647 | C72: Central | D72: Bruno | E72: Gadget B | F72: Standard | I72: =G72*H72 | J72: FALSE
A73: ORD-1083 | B73: 45606 | C73: South | D73: Ana | E73: Gadget A | F73: Standard | H73: 8.85 | I73: =G73*H73
A74: ORD-1167 | B74: 45410 | C74: South | D74: Fernanda | E74: Gadget B | F74: Discount | H74: 94.82 | I74: =G74*H74 | J74: TRUE
A75: ORD-1176 | B75: 45392 | C75: West | D75: Daniela | E75: Gadget A | F75: Discount | G75: 4 | I75: =G75*H75 | J75: TRUE
A76: ORD-1147 | B76: 45386 | C76: Central | D76: Fernanda | E76: Gadget B | F76: Standard | G76: 14 | I76: =G76*H76 | J76: FALSE
A77: ORD-1140 | B77: 45613 | C77: Central | D77: Daniela | E77: Widget C | F77: Discount | G77: 10 | H77: 97.84 | I77: =G77*H77
A78: ORD-1065 | B78: 45518 | C78: East | D78: Eduardo | E78: Gadget A | F78: Premium | G78: 14 | H78: 105.39 | I78: =G78*H78 | J78: FALSE
A79: ORD-1020 | B79: 45410 | C79: East | D79: Daniela | E79: Widget B | F79: Premium | I79: =G79*H79 | J79: TRUE
A80: ORD-1115 | B80: 45408 | C80: West | D80: Eduardo | E80: Gadget B | F80: Discount | G80: 10 | H80: 40.31 | I80: =G80*H80 | J80: FALSE
A81: ORD-1002 | B81: 45336 | C81: West | D81: Ana | E81: Gadget A | F81: Premium | G81: 14 | H81: 6.41 | I81: =G81*H81 | J81: TRUE
A82: ORD-1149 | B82: 45297 | C82: South | D82: Eduardo | E82: Widget C | F82: Standard | I82: =G82*H82 | J82: FALSE
A83: ORD-1062 | B83: 45323 | C83: South | D83: Carlos | E83: Widget C | F83: Premium | G83: 9 | H83: 29.77 | I83: =G83*H83
A84: ORD-1080 | B84: 45507 | C84: West | D84: Eduardo | E84: Widget A | F84: Premium | H84: 50.11 | I84: =G84*H84 | J84: FALSE
A85: ORD-1005 | B85: 45638 | C85: East | D85: Fernanda | E85: Gadget A | F85: Discount | G85: 9 | I85: =G85*H85 | J85: TRUE
A86: ORD-1115 | B86: 45588 | C86: East | D86: Bruno | E86: Gadget A | F86: Standard | H86: 28.91 | I86: =G86*H86 | J86: TRUE
A87: ORD-1074 | B87: 45468 | C87: Central | D87: Bruno | E87: Gadget A | F87: Standard | G87: 6 | I87: =G87*H87
A88: ORD-1177 | B88: 45424 | C88: North | D88: Fernanda | E88: Gadget B | F88: Standard | G88: 2 | H88: 42.65 | I88: =G88*H88 | J88: FALSE
A89: ORD-1170 | B89: 45540 | C89: Central | D89: Ana | E89: Widget A | F89: Discount | G89: 6 | H89: 52.71 | I89: =G89*H89 | J89: FALSE
A90: ORD-1022 | B90: 45346 | C90: Central | D90: Bruno | E90: Gadget A | F90: Premium | I90: =G90*H90 | J90: FALSE
A91: ORD-1150 | B91: 45503 | C91: South | D91: Daniela | E91: Gadget B | F91: Standard | I91: =G91*H91 | J91: TRUE
A92: ORD-1034 | B92: 45348 | C92: West | D92: Bruno | E92: Gadget A | F92: Premium | G92: 13 | H92: 7.14 | I92: =G92*H92 | J92: FALSE
A93: ORD-1154 | B93: 45345 | C93: South | D93: Fernanda | E93: Gadget B | F93: Premium | G93: 8 | H93: 73.73 | I93: =G93*H93 | J93: TRUE
A94: ORD-1092 | B94: 45586 | C94: Central | D94: Bruno | E94: Gadget A | F94: Standard | G94: 12 | H94: 8.3 | I94: =G94*H94
A95: ORD-1096 | B95: 45562 | C95: North | D95: Eduardo | E95: Widget B | F95: Standard | I95: =G95*H95 | J95: TRUE
A96: ORD-1141 | B96: 45495 | C96: North | D96: Fernanda | E96: Gadget A | F96: Standard | I96: =G96*H96 | J96: TRUE
A97: ORD-1177 | B97: 45470 | C97: East | D97: Eduardo | E97: Gadget B | F97: Discount | I97: =G97*H97
A98: ORD-1023 | B98: 45491 | C98: West | D98: Fernanda | E98: Widget B | F98: Discount | H98: 80.38 | I98: =G98*H98 | J98: TRUE
A99: ORD-1199 | B99: 45423 | C99: East | D99: Daniela | E99: Gadget B | F99: Standard | G99: 6 | I99: =G99*H99
A100: ORD-1090 | B100: 45530 | C100: Central | D100: Bruno | E100: Gadget A | F100: Discount | H100: 8.82 | I100: =G100*H100
...

Sheet Table_5
A1: OrderID | B1: Date | C1: Region | D1: Seller | E1: Product | F1: Category | G1: Units | H1: UnitPrice | I1: Revenue | J1: Approved
A2: ORD-1080 | B2: 45622 | C2: Central | D2: Fernanda | E2: Widget C | F2: Premium | G2: 10 | H2: 87.11 | I2: =G2*H2
A3: ORD-1155 | B3: 45589 | C3: North | D3: Bruno | E3: Widget C | F3: Premium | H3: 97.13 | I3: =G3*H3 | J3: FALSE
A4: ORD-1146 | B4: 45566 | C4: Central | D4: Ana | E4: Widget A | F4: Discount | G4: 10 | I4: =G4*H4
A5: ORD-1010 | B5: 45657 | C5: West | D5: Daniela | E5: Widget B | F5: Standard | I5: =G5*H5 | J5: TRUE
A6: ORD-1139 | B6: 45302 | C6: West | D6: Bruno | E6: Gadget A | F6: Standard | I6: =G6*H6
A7: ORD-1157 | B7: 45403 | C7: North | D7: Fernanda | E7: Widget C | F7: Premium | I7: =G7*H7 | J7: FALSE
A8: ORD-1140 | B8: 45350 | C8: South | D8: Carlos | E8: Gadget B | F8: Premium | H8: 88.34 | I8: =G8*H8
A9: ORD-1096 | B9: 45466 | C9: North | D9: Daniela | E9: Gadget A | F9: Premium | G9: 8 | H9: 10.85 | I9: =G9*H9 | J9: TRUE
A10: ORD-1102 | B10: 45298 | C10: West | D10: Carlos | E10: Gadget B | F10: Standard | G10: 8 | H10: 76.61 | I10: =G10*H10 | J10: FALSE
A11: ORD-1078 | B11: 45355 | C11: Central | D11: Bruno | E11: Widget A | F11: Premium | G11: 7 | H11: 102.42 | I11: =G11*H11
A12: ORD-1083 | B12: 45416 | C12: South | D12: Fernanda | E12: Widget A | F12: Premium | H12: 8.45 | I12: =G12*H12 | J12: FALSE
A13: ORD-1027 | B13: 45341 | C13: East | D13: Ana | E13: Gadget B | F13: Discount | I13: =G13*H13 | J13: TRUE
A14: ORD-1194 | B14: 45398 | C14: Central | D14: Eduardo | E14: Widget B | F14: Discount | G14: 8 | H14: 55.44 | I14: =G14*H14 | J14: TRUE
A15: ORD-1000 | B15: 45438 | C15: East | D15: Fernanda | E15: Gadget A | F15: Premium | G15: 15 | I15: =G15*H15 | J15: FALSE
A16: ORD-1167 | B16: 45403 | C16: West | D16: Eduardo | E16: Gadget B | F16: Premium | G16: 15 | I16: =G16*H16
A17: ORD-1103 | B17: 45644 | C17: South | D17: Ana | E17: Gadget B | F17: Standard | H17: 92.26 | I17: =G17*H17 | J17: FALSE
A18: ORD-1070 | B18: 45651 | C18: Central | D18: Fernanda | E18: Gadget B | F18: Discount | H18: 17.73 | I18: =G18*H18
A19: ORD-1105 | B19: 45335 | C19: South | D19: Bruno | E19: Widget C | F19: Discount | I19: =G19*H19 | J19: FALSE
A20: ORD-1155 | B20: 45325 | C20: Central | D20: Carlos | E20: Widget B | F20: Standard | G20: 15 | H20: 69.77 | I20: =G20*H20
A21: ORD-1100 | B21: 45475 | C21: Central | D21: Carlos | E21: Widget C | F21: Premium | G21: 9 | I21: =G21*H21 | J21: FALSE
A22: ORD-1083 | B22: 45360 | C22: West | D22: Daniela | E22: Gadget B | F22: Standard | I22: =G22*H22 | J22: FALSE
A23: ORD-1039 | B23: 45567 | C23: South | D23: Fernanda | E23: Widget A | F23: Standard | I23: =G23*H23 | J23: FALSE
A24: ORD-1173 | B24: 45378 | C24: North | D24: Eduardo | E24: Gadget B | F24: Discount | G24: 5 | H24: 92.94 | I24: =G24*H24
A25: ORD-1036 | B25: 45474 | C25: West | D25: Daniela | E25: Gadget B | F25: Discount | G25: 6 | H25: 72.14 | I25: =G25*H25
A26: ORD-1066 | B26: 45578 | C26: West | D26: Ana | E26: Gadget A | F26: Standard | G26: 14 | H26: 58.28 | I26: =G26*H26 | J26: FALSE
A27: ORD-1036 | B27: 45346 | C27: West | D27: Fernanda | E27: Gadget A | F27: Premium | H27: 87.78 | I27: =G27*H27 | J27: FALSE
A28: ORD-1065 | B28: 45560 | C28: East | D28: Carlos | E28: Gadget A | F28: Premium | G28: 2 | I28: =G28*H28 | J28: FALSE
A29: ORD-1114 | B29: 45487 | C29: North | D29: Bruno | E29: Gadget B | F29: Discount | G29: 14 | I29: =G29*H29
A30: ORD-1049 | B30: 45314 | C30: North | D30: Fernanda | E30: Widget C | F30: Standard | I30: =G30*H30
A31: ORD-1156 | B31: 45508 | C31: North | D31: Daniela | E31: Widget C | F31: Discount | G31: 13 | H31: 69.73 | I31: =G31*H31 | J31: FALSE
A32: ORD-1080 | B32: 45383 | C32: Central | D32: Ana | E32: Widget A | F32: Premium | G32: 6 | H32: 86.84 | I32: =G32*H32
A33: ORD-1172 | B33: 45568 | C33: North | D33: Ana | E33: Widget C | F33: Premium | I33: =G33*H33
A34: ORD-1096 | B34: 45391 | C34: South | D34: Eduardo | E34: Widget A | F34: Premium | H34: 18.58 | I34: =G34*H34 | J34: TRUE
A35: ORD-1032 | B35: 45310 | C35: East | D35: Ana | E35: Gadget B | F35: Premium | G35: 9 | I35: =G35*H35 | J35: TRUE
A36: ORD-1020 | B36: 45470 | C36: West | D36: Fernanda | E36: Widget C | F36: Standard | G36: 6 | H36: 52.93 | I36: =G36*H36 | J36: FALSE
A37: ORD-1123 | B37: 45564 | C37: West | D37: Ana | E37: Gadget A | F37: Standard | H37: 7.39 | I37: =G37*H37
A38: ORD-1152 | B38: 45461 | C38: Central | D38: Daniela | E38: Widget B | F38: Discount | I38: =G38*H38
A39: ORD-1187 | B39: 45642 | C39: South | D39: Ana | E39: Widget A | F39: Premium | I39: =G39*H39 | J39: TRUE
A40: ORD-1157 | B40: 45324 | C40: North | D40: Eduardo | E40: Widget A | F40: Standard | H40: 83.54 | I40: =G40*H40 | J40: FALSE
A41: ORD-1104 | B41: 45615 | C41: North | D41: Ana | E41: Gadget A | F41: Discount | I41: =G41*H41 | J41: TRUE
A42: ORD-1123 | B42: 45481 | C42: North | D42: Ana | E42: Widget B | F42: Standard | G42: 15 | I42: =G42*H42 | J42: FALSE
A43: ORD-1065 | B43: 45380 | C43: Central | D43: Ana | E43: Widget B | F43: Premium | G43: 15 | H43: 79.22 | I43: =G43*H43 | J43: TRUE
A44: ORD-1060 | B44: 45389 | C44: West | D44: Bruno | E44: Widget C | F44: Standard | I44: =G44*H44 | J44: TRUE
A45: ORD-1128 | B45: 45568 | C45: North | D45: Daniela | E45: Widget A | F45: Premium | H45: 74.59 | I45: =G45*H45 | J45: TRUE
A46: ORD-1121 | B46: 45333 | C46: West | D46: Eduardo | E46: Gadget B | F46: Standard | H46: 107.48 | I46: =G46*H46 | J46: TRUE
A47: ORD-1106 | B47: 45398 | C47: West | D47: Daniela | E47: Widget A | F47: Discount | I47: =G47*H47 | J47: FALSE
A48: ORD-1046 | B48: 45612 | C48: West | D48: Ana | E48: Gadget B | F48: Premium | G48: 3 | I48: =G48*H48 | J48: FALSE
A49: ORD-1006 | B49: 45594 | C49: West | D49: Bruno | E49: Widget B | F49: Discount | I49: =G49*H49
A50: ORD-1039 | B50: 45378 | C50: North | D50: Daniela | E50: Widget C | F50: Discount | H50: 75.35 | I50: =G50*H50
A51: ORD-1061 | B51: 45479 | C51: Central | D51: Carlos | E51: Gadget B | F51: Premium | H51: 116.31 | I51: =G51*H51
A52: ORD-1038 | B52: 45423 | C52: West | D52: Carlos | E52: Widget B | F52: Standard | I52: =G52*H52 | J52: TRUE
A53: ORD-1124 | B53: 45358 | C53: East | D53: Carlos | E53: Widget C | F53: Premium | H53: 17.01 | I53: =G53*H53 | J53: FALSE
A54: ORD-1164 | B54: 45651 | C54: West | D54: Eduardo | E54: Gadget A | F54: Premium | I54: =G54*H54 | J54: TRUE
A55: ORD-1099 | B55: 45509 | C55: South | D55: Bruno | E55: Gadget B | F55: Standard | G55: 8 | H55: 87.41 | I55: =G55*H55 | J55: TRUE
A56: ORD-1014 | B56: 45570 | C56: South | D56: Carlos | E56: Gadget B | F56: Standard | G56: 4 | H56: 63.52 | I56: =G56*H56 | J56: FALSE
A57: ORD-1155 | B57: 45415 | C57: Central | D57: Fernanda | E57: Widget B | F57: Premium | I57: =G57*H57
A58: ORD-1168 | B58: 45492 | C58: North | D58: Daniela | E58: Gadget B | F58: Premium | G58: 15 | I58: =G58*H58 | J58: TRUE
A59: ORD-1179 | B59: 45542 | C59: South | D59: Eduardo | E59: Widget C | F59: Premium | H59: 81.78 | I59: =G59*H59 | J59: FALSE
A60: ORD-1146 | B60: 45530 | C60: West | D60: Bruno | E60: Widget B | F60: Discount | I60: =G60*H60 | J60: FALSE
A61: ORD-1086 | B61: 45337 | C61: North | D61: Daniela | E61: Gadget B | F61: Discount | H61: 97.54 | I61: =G61*H61 | J61: TRUE
A62: ORD-1090 | B62: 45627 | C62: East | D62: Carlos | E62: Widget A | F62: Premium | G62: 6 | I62: =G62*H62
A63: ORD-1182 | B63: 45604 | C63: East | D63: Ana | E63: Widget B | F63: Premium | G63: 3 | I63: =G63*H63
A64: ORD-1019 | B64: 45625 | C64: West | D64: Bruno | E64: Widget A | F64: Premium | G64: 14 | I64: =G64*H64 | J64: FALSE
A65: ORD-1058 | B65: 45398 | C65: Central | D65: Bruno | E65: Gadget B | F65: Discount | I65: =G65*H65
A66: ORD-1043 | B66: 45594 | C66: East | D66: Bruno | E66: Widget A | F66: Discount | H66: 41.4 | I66: =G66*H66
A67: ORD-1132 | B67: 45507 | C67: West | D67: Daniela | E67: Widget B | F67: Standard | G67: 10 | I67: =G67*H67 | J67: FALSE
A68: ORD-1025 | B68: 45469 | C68: South | D68: Carlos | E68: Widget C | F68: Premium | G68: 12 | H68: 61.23 | I68: =G68*H68 | J68: FALSE
A69: ORD-1091 | B69: 45380 | C69: North | D69: Bruno | E69: Gadget A | F69: Discount | G69: 3 | H69: 36.71 | I69: =G69*H69 | J69: FALSE
A70: ORD-1077 | B70: 45481 | C70: North | D70: Carlos | E70: Widget A | F70: Premium | G70: 10 | I70: =G70*H70 | J70: FALSE
A71: ORD-1112 | B71: 45365 | C71: South | D71: Carlos | E71: Gadget A | F71: Premium | I71: =G71*H71
A72: ORD-1191 | B72: 45448 | C72: Central | D72: Fernanda | E72: Gadget B | F72: Standard | G72: 9 | H72: 27.83 | I72: =G72*H72 | J72: FALSE
A73: ORD-1001 | B73: 45365 | C73: Central | D73: Daniela | E73: Widget B | F73: Discount | G73: 9 | H73: 34.47 | I73: =G73*H73
A74: ORD-1014 | B74: 45367 | C74: North | D74: Ana | E74: Gadget B | F74: Premium | G74: 12 | H74: 57.76 | I74: =G74*H74 | J74: TRUE
A75: ORD-1061 | B75: 45428 | C75: East | D75: Fernanda | E75: Widget B | F75: Premium | G75: 5 | H75: 26.04 | I75: =G75*H75 | J75: FALSE
A76: ORD-1012 | B76: 45588 | C76: South | D76: Fernanda | E76: Widget B | F76: Discount | G76: 9 | H76: 56.45 | I76: =G76*H76 | J76: FALSE
A77: ORD-1037 | B77: 45534 | C77: North | D77: Carlos | E77: Gadget A | F77: Premium | G77: 10 | H77: 46.44 | I77: =G77*H77
A78: ORD-1178 | B78: 45653 | C78: East | D78: Bruno | E78: Widget A | F78: Premium | I78: =G78*H78 | J78: FALSE
A79: ORD-1052 | B79: 45363 | C79: Central | D79: Fernanda | E79: Widget B | F79: Discount | I79: =G79*H79
A80: ORD-1107 | B80: 45495 | C80: Central | D80: Eduardo | E80: Gadget B | F80: Premium | G80: 4 | I80: =G80*H80
A81: ORD-1153 | B81: 45508 | C81: West | D81: Bruno | E81: Gadget B | F81: Discount | G81: 1 | I81: =G81*H81 | J81: TRUE
A82: ORD-1160 | B82: 45453 | C82: Central | D82: Fernanda | E82: Widget B | F82: Premium | G82: 1 | I82: =G82*H82 | J82: TRUE
A83: ORD-1164 | B83: 45596 | C83: East | D83: Daniela | E83: Gadget A | F83: Discount | G83: 9 | H83: 104.37 | I83: =G83*H83
A84: ORD-1071 | B84: 45300 | C84: East | D84: Ana | E84: Widget C | F84: Discount | G84: 15 | I84: =G84*H84 | J84: FALSE
A85: ORD-1173 | B85: 45460 | C85: South | D85: Fernanda | E85: Widget B | F85: Premium | I85: =G85*H85 | J85: FALSE
A86: ORD-1089 | B86: 45624 | C86: East | D86: Fernanda | E86: Widget B | F86: Premium | H86: 105.66 | I86: =G86*H86 | J86: TRUE
A87: ORD-1053 | B87: 45621 | C87: West | D87: Bruno | E87: Gadget B | F87: Standard | H87: 43.58 | I87: =G87*H87 | J87: FALSE
A88: ORD-1178 | B88: 45638 | C88: East | D88: Daniela | E88: Widget B | F88: Premium | G88: 11 | I88: =G88*H88 | J88: FALSE
A89: ORD-1053 | B89: 45309 | C89: North | D89: Eduardo | E89: Gadget A | F89: Standard | G89: 10 | H89: 51.74 | I89: =G89*H89
A90: ORD-1167 | B90: 45421 | C90: South | D90: Ana | E90: Widget B | F90: Premium | H90: 38.23 | I90: =G90*H90 | J90: TRUE
A91: ORD-1152 | B91: 45466 | C91: West | D91: Fernanda | E91: Widget B | F91: Standard | G91: 7 | I91: =G91*H91 | J91: TRUE
A92: ORD-1173 | B92: 45587 | C92: South | D92: Fernanda | E92: Widget A | F92: Premium | I92: =G92*H92 | J92: TRUE
A93: ORD-1128 | B93: 45358 | C93: North | D93: Daniela | E93: Widget C | F93: Premium | H93: 54.69 | I93: =G93*H93
A94: ORD-1120 | B94: 45345 | C94: East | D94: Fernanda | E94: Widget B | F94: Premium | I94: =G94*H94
A95: ORD-1157 | B95: 45571 | C95: East | D95: Ana | E95: Widget A | F95: Premium | G95: 14 | I95: =G95*H95 | J95: FALSE
A96: ORD-1134 | B96: 45458 | C96: Central | D96: Eduardo | E96: Widget A | F96: Standard | H96: 58.92 | I96: =G96*H96 | J96: TRUE
A97: ORD-1139 | B97: 45565 | C97: West | D97: Ana | E97: Widget C | F97: Premium | G97: 5 | I97: =G97*H97 | J97: TRUE
A98: ORD-1017 | B98: 45647 | C98: North | D98: Carlos | E98: Widget B | F98: Standard | G98: 4 | I98: =G98*H98 | J98: FALSE
A99: ORD-1097 | B99: 45507 | C99: West | D99: Ana | E99: Widget C | F99: Standard | H99: 107.02 | I99: =G99*H99 | J99: TRUE
A100: ORD-1012 | B100: 45510 | C100: North | D100: Daniela | E100: Widget C | F100: Discount | I100: =G100*H100
...

Sheet Table_6
A1: OrderID | B1: Date | C1: Region | D1: Seller | E1: Product | F1: Category | G1: Units | H1: UnitPrice | I1: Revenue | J1: Approved
A2: ORD-1117 | B2: 45532 | C2: South | D2: Daniela | E2: Gadget A | F2: Standard | G2: 2 | H2: 15 | I2: =G2*H2 | J2: TRUE
A3: ORD-1100 | B3: 45445 | C3: East | D3: Bruno | E3: Widget A | F3: Premium | H3: 71.44 | I3: =G3*H3
A4: ORD-1026 | B4: 45536 | C4: South | D4: Fernanda | E4: Widget A | F4: Premium | G4: 4 | H4: 51.18 | I4: =G4*H4
A5: ORD-1010 | B5: 45368 | C5: North | D5: Carlos | E5: Gadget A | F5: Discount | H5: 42.56 | I5: =G5*H5
A6: ORD-1196 | B6: 45331 | C6: North | D6: Eduardo | E6: Gadget B | F6: Premium | G6: 4 | H6: 78.54 | I6: =G6*H6 | J6: TRUE
A7: ORD-1126 | B7: 45314 | C7: West | D7: Fernanda | E7: Widget B | F7: Standard | I7: =G7*H7
A8: ORD-1048 | B8: 45443 | C8: East | D8: Fernanda | E8: Widget A | F8: Standard | G8: 7 | I8: =G8*H8
A9: ORD-1094 | B9: 45412 | C9: West | D9: Ana | E9: Widget A | F9: Standard | I9: =G9*H9 | J9: FALSE
A10: ORD-1007 | B10: 45414 | C10: Central | D10: Daniela | E10: Gadget B | F10: Premium | I10: =G10*H10 | J10: FALSE
A11: ORD-1175 | B11: 45605 | C11: East | D11: Daniela | E11: Widget C | F11: Standard | H11: 32.43 | I11: =G11*H11 | J11: FALSE
A12: ORD-1026 | B12: 45433 | C12: West | D12: Ana | E12: Gadget B | F12: Discount | G12: 7 | I12: =G12*H12 | J12: FALSE
A13: ORD-1013 | B13: 45389 | C13: Central | D13: Eduardo | E13: Gadget A | F13: Premium | G13: 2 | I13: =G13*H13
A14: ORD-1152 | B14: 45383 | C14: West | D14: Carlos | E14: Widget C | F14: Discount | I14: =G14*H14 | J14: FALSE
A15: ORD-1038 | B15: 45295 | C15: North | D15: Eduardo | E15: Gadget A | F15: Standard | H15: 16.05 | I15: =G15*H15 | J15: FALSE
A16: ORD-1130 | B16: 45535 | C16: East | D16: Carlos | E16: Widget C | F16: Standard | G16: 13 | I16: =G16*H16 | J16: TRUE
A17: ORD-1075 | B17: 45555 | C17: Central | D17: Daniela | E17: Gadget B | F17: Standard | G17: 8 | I17: =G17*H17 | J17: FALSE
A18: ORD-1045 | B18: 45605 | C18: West | D18: Eduardo | E18: Gadget A | F18: Premium | G18: 14 | H18: 108.82 | I18: =G18*H18
A19: ORD-1045 | B19: 45327 | C19: North | D19: Carlos | E19: Gadget A | F19: Discount | H19: 78.02 | I19: =G19*H19 | J19: TRUE
A20: ORD-1098 | B20: 45550 | C20: North | D20: Carlos | E20: Widget C | F20: Standard | G20: 12 | H20: 100.06 | I20: =G20*H20 | J20: TRUE
A21: ORD-1142 | B21: 45635 | C21: Central | D21: Eduardo | E21: Widget A | F21: Premium | I21: =G21*H21
A22: ORD-1165 | B22: 45591 | C22: East | D22: Bruno | E22: Gadget A | F22: Discount | G22: 8 | H22: 14.58 | I22: =G22*H22
A23: ORD-1108 | B23: 45654 | C23: South | D23: Carlos | E23: Gadget B | F23: Discount | G23: 13 | I23: =G23*H23
A24: ORD-1002 | B24: 45569 | C24: West | D24: Carlos | E24: Widget B | F24: Standard | G24: 11 | I24: =G24*H24 | J24: TRUE
A25: ORD-1011 | B25: 45535 | C25: East | D25: Daniela | E25: Gadget A | F25: Standard | H25: 105.61 | I25: =G25*H25 | J25: TRUE
A26: ORD-1163 | B26: 45481 | C26: East | D26: Ana | E26: Widget C | F26: Standard | G26: 13 | H26: 18.49 | I26: =G26*H26 | J26: TRUE
A27: ORD-1119 | B27: 45480 | C27: East | D27: Fernanda | E27: Widget C | F27: Standard | G27: 1 | H27: 14.59 | I27: =G27*H27 | J27: TRUE
A28: ORD-1084 | B28: 45440 | C28: East | D28: Bruno | E28: Gadget A | F28: Standard | H28: 106.95 | I28: =G28*H28 | J28: FALSE
A29: ORD-1022 | B29: 45349 | C29: South | D29: Eduardo | E29: Gadget B | F29: Premium | I29: =G29*H29 | J29: TRUE
A30: ORD-1181 | B30: 45308 | C30: Central | D30: Bruno | E30: Gadget B | F30: Standard | G30: 1 | H30: 31.54 | I30: =G30*H30 | J30: FALSE
A31: ORD-1029 | B31: 45460 | C31: South | D31: Eduardo | E31: Widget A | F31: Discount | G31: 15 | I31: =G31*H31 | J31: FALSE
A32: ORD-1169 | B32: 45381 | C32: West | D32: Eduardo | E32: Widget A | F32: Standard | G32: 4 | H32: 5.58 | I32: =G32*H32 | J32: FALSE
A33: ORD-1048 | B33: 45622 | C33: Central | D33: Ana | E33: Widget A | F33: Discount | H33: 7.89 | I33: =G33*H33 | J33: FALSE
A34: ORD-1064 | B34: 45502 | C34: West | D34: Daniela | E34: Widget A | F34: Premium | I34: =G34*H34
A35: ORD-1179 | B35: 45610 | C35: South | D35: Ana | E35: Gadget A | F35: Standard | H35: 111.42 | I35: =G35*H35
A36: ORD-1103 | B36: 45396 | C36: North | D36: Ana | E36: Gadget A | F36: Discount | G36: 1 | I36: =G36*H36 | J36: TRUE
A37: ORD-1152 | B37: 45477 | C37: North | D37: Bruno | E37: Widget B | F37: Premium | G37: 7 | I37: =G37*H37
A38: ORD-1028 | B38: 45622 | C38: South | D38: Ana | E38: Gadget A | F38: Standard | G38: 10 | H38: 87.54 | I38: =G38*H38 | J38: FALSE
A39: ORD-1012 | B39: 45417 | C39: South | D39: Carlos | E39: Gadget A | F39: Discount | I39: =G39*H39 | J39: TRUE
A40: ORD-1160 | B40: 45299 | C40: Central | D40: Daniela | E40: Widget C | F40: Standard | I40: =G40*H40 | J40: FALSE
A41: ORD-1088 | B41: 45439 | C41: West | D41: Eduardo | E41: Widget A | F41: Discount | I41: =G41*H41 | J41: TRUE
A42: ORD-1184 | B42: 45655 | C42: East | D42: Fernanda | E42: Gadget A | F42: Premium | H42: 109.57 | I42: =G42*H42
A43: ORD-1150 | B43: 45493 | C43: South | D43: Fernanda | E43: Widget B | F43: Discount | G43: 10 | I43: =G43*H43 | J43: TRUE
A44: ORD-1003 | B44: 45510 | C44: Central | D44: Daniela | E44: Gadget A | F44: Discount | G44: 1 | H44: 99.34 | I44: =G44*H44
A45: ORD-1002 | B45: 45607 | C45: East | D45: Bruno | E45: Gadget B | F45: Premium | H45: 11.69 | I45: =G45*H45
A46: ORD-1177 | B46: 45339 | C46: North | D46: Daniela | E46: Widget A | F46: Premium | G46: 11 | H46: 88.85 | I46: =G46*H46
A47: ORD-1175 | B47: 45391 | C47: East | D47: Fernanda | E47: Widget C | F47: Premium | G47: 6 | H47: 64.16 | I47: =G47*H47 | J47: TRUE
A48: ORD-1091 | B48: 45624 | C48: South | D48: Carlos | E48: Widget C | F48: Standard | I48: =G48*H48
A49: ORD-1158 | B49: 45336 | C49: Central | D49: Eduardo | E49: Widget C | F49: Premium | I49: =G49*H49 | J49: FALSE
A50: ORD-1052 | B50: 45374 | C50: South | D50: Fernanda | E50: Widget B | F50: Premium | I50: =G50*H50 | J50: TRUE
A51: ORD-1003 | B51: 45435 | C51: East | D51: Eduardo | E51: Gadget B | F51: Standard | G51: 14 | I51: =G51*H51 | J51: TRUE
A52: ORD-1174 | B52: 45429 | C52: Central | D52: Eduardo | E52: Widget C | F52: Standard | H52: 87.79 | I52: =G52*H52
A53: ORD-1016 | B53: 45604 | C53: East | D53: Daniela | E53: Widget B | F53: Standard | H53: 23.94 | I53: =G53*H53 | J53: TRUE
A54: ORD-1109 | B54: 45502 | C54: South | D54: Bruno | E54: Gadget A | F54: Discount | G54: 9 | I54: =G54*H54 | J54: FALSE
A55: ORD-1039 | B55: 45562 | C55: Central | D55: Carlos | E55: Widget C | F55: Premium | G55: 2 | H55: 101.7 | I55: =G55*H55 | J55: FALSE
A56: ORD-1170 | B56: 45398 | C56: North | D56: Carlos | E56: Widget B | F56: Standard | G56: 7 | I56: =G56*H56 | J56: TRUE
A57: ORD-1136 | B57: 45551 | C57: Central | D57: Bruno | E57: Widget C | F57: Standard | I57: =G57*H57 | J57: TRUE
A58: ORD-1131 | B58: 45556 | C58: South | D58: Eduardo | E58: Gadget A | F58: Premium | G58: 9 | I58: =G58*H58 | J58: TRUE
A59: ORD-1014 | B59: 45582 | C59: West | D59: Eduardo | E59: Widget C | F59: Discount | H59: 104 | I59: =G59*H59 | J59: TRUE
A60: ORD-1023 | B60: 45600 | C60: South | D60: Eduardo | E60: Gadget A | F60: Premium | G60: 15 | I60: =G60*H60 | J60: TRUE
A61: ORD-1185 | B61: 45440 | C61: South | D61: Fernanda | E61: Widget A | F61: Standard | G61: 3 | H61: 34.84 | I61: =G61*H61 | J61: TRUE
A62: ORD-1058 | B62: 45636 | C62: South | D62: Carlos | E62: Gadget B | F62: Premium | H62: 49.84 | I62: =G62*H62
A63: ORD-1040 | B63: 45338 | C63: Central | D63: Fernanda | E63: Widget A | F63: Discount | H63: 91.32 | I63: =G63*H63
A64: ORD-1140 | B64: 45480 | C64: East | D64: Ana | E64: Widget A | F64: Premium | H64: 85.5 | I64: =G64*H64 | J64: TRUE
A65: ORD-1001 | B65: 45431 | C65: East | D65: Carlos | E65: Gadget B | F65: Discount | G65: 8 | H65: 72.91 | I65: =G65*H65 | J65: FALSE
A66: ORD-1152 | B66: 45599 | C66: East | D66: Bruno | E66: Widget C | F66: Standard | G66: 1 | H66: 33.92 | I66: =G66*H66 | J66: TRUE
A67: ORD-1127 | B67: 45365 | C67: South | D67: Daniela | E67: Gadget B | F67: Discount | I67: =G67*H67
A68: ORD-1188 | B68: 45607 | C68: Central | D68: Daniela | E68: Gadget A | F68: Discount | H68: 108.62 | I68: =G68*H68
A69: ORD-1111 | B69: 45420 | C69: East | D69: Carlos | E69: Gadget B | F69: Standard | H69: 60.68 | I69: =G69*H69
A70: ORD-1010 | B70: 45567 | C70: West | D70: Ana | E70: Gadget B | F70: Premium | I70: =G70*H70
A71: ORD-1003 | B71: 45474 | C71: West | D71: Bruno | E71: Widget C | F71: Standard | G71: 6 | I71: =G71*H71 | J71: TRUE
A72: ORD-1142 | B72: 45301 | C72: Central | D72: Daniela | E72: Gadget A | F72: Standard | G72: 12 | H72: 7.5 | I72: =G72*H72 | J72: TRUE
A73: ORD-1199 | B73: 45418 | C73: West | D73: Bruno | E73: Widget C | F73: Discount | G73: 7 | H73: 69.73 | I73: =G73*H73
A74: ORD-1118 | B74: 45569 | C74: West | D74: Bruno | E74: Widget C | F74: Premium | G74: 7 | H74: 83.81 | I74: =G74*H74 | J74: FALSE
A75: ORD-1005 | B75: 45364 | C75: East | D75: Eduardo | E75: Widget C | F75: Discount | H75: 103.48 | I75: =G75*H75 | J75: TRUE
A76: ORD-1006 | B76: 45445 | C76: East | D76: Carlos | E76: Gadget A | F76: Discount | I76: =G76*H76
A77: ORD-1126 | B77: 45382 | C77: West | D77: Daniela | E77: Gadget A | F77: Standard | G77: 1 | I77: =G77*H77 | J77: TRUE
A78: ORD-1140 | B78: 45377 | C78: South | D78: Fernanda | E78: Gadget A | F78: Standard | G78: 13 | I78: =G78*H78 | J78: TRUE
A79: ORD-1148 | B79: 45397 | C79: West | D79: Carlos | E79: Gadget B | F79: Discount | G79: 3 | I79: =G79*H79
A80: ORD-1011 | B80: 45552 | C80: North | D80: Daniela | E80: Widget C | F80: Discount | I80: =G80*H80 | J80: FALSE
A81: ORD-1024 | B81: 45650 | C81: Central | D81: Eduardo | E81: Widget C | F81: Standard | I81: =G81*H81 | J81: TRUE
A82: ORD-1111 | B82: 45429 | C82: West | D82: Ana | E82: Widget C | F82: Standard | I82: =G82*H82 | J82: TRUE
A83: ORD-1136 | B83: 45327 | C83: Central | D83: Fernanda | E83: Widget B | F83: Standard | G83: 15 | I83: =G83*H83 | J83: FALSE
A84: ORD-1056 | B84: 45485 | C84: East | D84: Carlos | E84: Widget C | F84: Discount | H84: 17.76 | I84: =G84*H84 | J84: FALSE
A85: ORD-1145 | B85: 45533 | C85: North | D85: Daniela | E85: Gadget A | F85: Premium | G85: 2 | H85: 100.03 | I85: =G85*H85
A86: ORD-1118 | B86: 45307 | C86: South | D86: Ana | E86: Widget C | F86: Standard | G86: 8 | H86: 48.93 | I86: =G86*H86
A87: ORD-1088 | B87: 45332 | C87: Central | D87: Fernanda | E87: Widget A | F87: Discount | I87: =G87*H87
A88: ORD-1133 | B88: 45578 | C88: South | D88: Daniela | E88: Widget A | F88: Premium | H88: 94.19 | I88: =G88*H88 | J88: FALSE
A89: ORD-1158 | B89: 45414 | C89: East | D89: Fernanda | E89: Widget C | F89: Discount | I89: =G89*H89
A90: ORD-1069 | B90: 45366 | C90: East | D90: Ana | E90: Gadget A | F90: Premium | G90: 14 | H90: 46.27 | I90: =G90*H90 | J90: FALSE
A91: ORD-1071 | B91: 45339 | C91: South | D91: Carlos | E91: Widget A | F91: Premium | I91: =G91*H91 | J91: FALSE
A92: ORD-1187 | B92: 45455 | C92: Central | D92: Bruno | E92: Widget C | F92: Premium | G92: 2 | H92: 17.74 | I92: =G92*H92 | J92: FALSE
A93: ORD-1073 | B93: 45305 | C93: East | D93: Fernanda | E93: Widget A | F93: Discount | G93: 10 | I93: =G93*H93 | J93: FALSE
A94: ORD-1145 | B94: 45561 | C94: East | D94: Ana | E94: Widget B | F94: Premium | I94: =G94*H94
A95: ORD-1063 | B95: 45652 | C95: Central | D95: Carlos | E95: Widget A | F95: Standard | I95: =G95*H95
A96: ORD-1122 | B96: 45465 | C96: South | D96: Bruno | E96: Widget A | F96: Premium | G96: 2 | H96: 58.27 | I96: =G96*H96 | J96: FALSE
A97: ORD-1119 | B97: 45499 | C97: West | D97: Ana | E97: Widget C | F97: Discount | G97: 4 | I97: =G97*H97 | J97: FALSE
A98: ORD-1120 | B98: 45327 | C98: North | D98: Eduardo | E98: Widget A | F98: Discount | H98: 108.43 | I98: =G98*H98 | J98: TRUE
A99: ORD-1139 | B99: 45603 | C99: East | D99: Bruno | E99: Widget A | F99: Standard | G99: 6 | H99: 31.27 | I99: =G99*H99 | J99: TRUE
A100: ORD-1142 | B100: 45461 | C100: South | D100: Bruno | E100: Widget C | F100: Premium | G100: 12 | H100: 14.31 | I100: =G100*H100 | J100: TRUE
...

Sheet Table_7
A1: OrderID | B1: Date | C1: Region | D1: Seller | E1: Product | F1: Category | G1: Units | H1: UnitPrice | I1: Revenue | J1: Approved
A2: ORD-1185 | B2: 45484 | C2: Central | D2: Carlos | E2: Widget B | F2: Standard | G2: 10 | H2: 68.15 | I2: =G2*H2
A3: ORD-1139 | B3: 45524 | C3: Central | D3: Carlos | E3: Gadget A | F3: Discount | G3: 13 | I3: =G3*H3
A4: ORD-1178 | B4: 45481 | C4: East | D4: Daniela | E4: Gadget B | F4: Discount | G4: 7 | H4: 73.58 | I4: =G4*H4
A5: ORD-1179 | B5: 45370 | C5: Central | D5: Fernanda | E5: Gadget B | F5: Discount | G5: 6 | I5: =G5*H5
A6: ORD-1103 | B6: 45581 | C6: West | D6: Fernanda | E6: Widget C | F6: Standard | G6: 14 | H6: 83.85 | I6: =G6*H6 | J6: FALSE
A7: ORD-1196 | B7: 45586 | C7: East | D7: Fernanda | E7: Widget B | F7: Premium | H7: 98.81 | I7: =G7*H7 | J7: FALSE
A8: ORD-1101 | B8: 45311 | C8: East | D8: Bruno | E8: Gadget B | F8: Premium | G8: 15 | I8: =G8*H8 | J8: FALSE
A9: ORD-1086 | B9: 45333 | C9: East | D9: Carlos | E9: Widget C | F9: Premium | G9: 4 | I9: =G9*H9 | J9: FALSE
A10: ORD-1113 | B10: 45453 | C10: East | D10: Eduardo | E10: Widget A | F10: Premium | G10: 12 | H10: 12.27 | I10: =G10*H10 | J10: FALSE
A11: ORD-1078 | B11: 45461 | C11: Central | D11: Carlos | E11: Widget A | F11: Standard | I11: =G11*H11 | J11: TRUE
A12: ORD-1167 | B12: 45330 | C12: East | D12: Fernanda | E12: Widget B | F12: Standard | G12: 1 | I12: =G12*H12 | J12: TRUE
A13: ORD-1137 | B13: 45382 | C13: North | D13: Daniela | E13: Widget A | F13: Discount | G13: 3 | H13: 111.73 | I13: =G13*H13 | J13: FALSE
A14: ORD-1020 | B14: 45595 | C14: West | D14: Fernanda | E14: Widget B | F14: Standard | H14: 11.72 | I14: =G14*H14 | J14: TRUE
A15: ORD-1170 | B15: 45483 | C15: West | D15: Ana | E15: Gadget A | F15: Standard | G15: 13 | I15: =G15*H15 | J15: FALSE
A16: ORD-1109 | B16: 45486 | C16: West | D16: Bruno | E16: Gadget B | F16: Premium | H16: 75.73 | I16: =G16*H16 | J16: FALSE
A17: ORD-1096 | B17: 45330 | C17: West | D17: Daniela | E17: Gadget B | F17: Standard | G17: 3 | I17: =G17*H17 | J17: FALSE
A18: ORD-1113 | B18: 45497 | C18: South | D18: Fernanda | E18: Widget C | F18: Premium | G18: 3 | H18: 64.01 | I18: =G18*H18 | J18: FALSE
A19: ORD-1012 | B19: 45500 | C19: Central | D19: Eduardo | E19: Gadget B | F19: Premium | H19: 18.31 | I19: =G19*H19
A20: ORD-1044 | B20: 45384 | C20: North | D20: Daniela | E20: Gadget B | F20: Premium | G20: 6 | H20: 66.34 | I20: =G20*H20
A21: ORD-1058 | B21: 45566 | C21: South | D21: Ana | E21: Gadget A | F21: Standard | I21: =G21*H21
A22: ORD-1167 | B22: 45349 | C22: North | D22: Fernanda | E22: Widget A | F22: Standard | G22: 12 | I22: =G22*H22
A23: ORD-1118 | B23: 45625 | C23: West | D23: Daniela | E23: Widget B | F23: Standard | I23: =G23*H23 | J23: FALSE
A24: ORD-1017 | B24: 45485 | C24: West | D24: Carlos | E24: Gadget B | F24: Premium | G24: 13 | H24: 92.73 | I24: =G24*H24 | J24: FALSE
A25: ORD-1065 | B25: 45615 | C25: Central | D25: Ana | E25: Widget A | F25: Standard | H25: 11.14 | I25: =G25*H25 | J25: FALSE
A26: ORD-1164 | B26: 45593 | C26: West | D26: Eduardo | E26: Gadget B | F26: Premium | G26: 15 | H26: 52.09 | I26: =G26*H26
A27: ORD-1103 | B27: 45451 | C27: East | D27: Ana | E27: Widget A | F27: Premium | G27: 10 | H27: 99.72 | I27: =G27*H27
A28: ORD-1165 | B28: 45293 | C28: East | D28: Eduardo | E28: Widget B | F28: Standard | I28: =G28*H28 | J28: TRUE
A29: ORD-1065 | B29: 45438 | C29: West | D29: Carlos | E29: Widget A | F29: Premium | H29: 84.98 | I29: =G29*H29 | J29: TRUE
A30: ORD-1148 | B30: 45482 | C30: Central | D30: Ana | E30: Gadget B | F30: Standard | G30: 9 | I30: =G30*H30 | J30: FALSE
A31: ORD-1069 | B31: 45441 | C31: East | D31: Bruno | E31: Widget A | F31: Premium | G31: 8 | H31: 14.51 | I31: =G31*H31 | J31: TRUE
A32: ORD-1004 | B32: 45305 | C32: South | D32: Fernanda | E32: Widget A | F32: Standard | G32: 5 | I32: =G32*H32
A33: ORD-1085 | B33: 45627 | C33: West | D33: Carlos | E33: Widget A | F33: Premium | G33: 9 | I33: =G33*H33
A34: ORD-1104 | B34: 45391 | C34: West | D34: Daniela | E34: Widget B | F34: Premium | G34: 1 | H34: 77.07 | I34: =G34*H34 | J34: FALSE
A35: ORD-1180 | B35: 45315 | C35: Central | D35: Fernanda | E35: Widget C | F35: Standard | G35: 8 | H35: 85.47 | I35: =G35*H35 | J35: TRUE
A36: ORD-1090 | B36: 45437 | C36: South | D36: Bruno | E36: Gadget A | F36: Standard | H36: 64.64 | I36: =G36*H36 | J36: FALSE
A37: ORD-1008 | B37: 45441 | C37: North | D37: Carlos | E37: Widget A | F37: Discount | G37: 11 | H37: 82.65 | I37: =G37*H37
A38: ORD-1078 | B38: 45450 | C38: North | D38: Ana | E38: Widget B | F38: Standard | G38: 14 | H38: 100.87 | I38: =G38*H38
A39: ORD-1075 | B39: 45374 | C39: North | D39: Ana | E39: Gadget B | F39: Premium | G39: 1 | I39: =G39*H39
A40: ORD-1115 | B40: 45459 | C40: Central | D40: Ana | E40: Widget B | F40: Premium | G40: 7 | H40: 35.92 | I40: =G40*H40 | J40: TRUE
A41: ORD-1113 | B41: 45535 | C41: Central | D41: Fernanda | E41: Widget A | F41: Premium | I41: =G41*H41 | J41: FALSE
A42: ORD-1196 | B42: 45374 | C42: South | D42: Ana | E42: Widget C | F42: Discount | I42: =G42*H42
A43: ORD-1072 | B43: 45422 | C43: Central | D43: Daniela | E43: Widget B | F43: Discount | H43: 95.84 | I43: =G43*H43
A44: ORD-1098 | B44: 45337 | C44: North | D44: Bruno | E44: Widget C | F44: Standard | I44: =G44*H44
A45: ORD-1140 | B45: 45617 | C45: West | D45: Bruno | E45: Gadget B | F45: Standard | G45: 10 | I45: =G45*H45
A46: ORD-1011 | B46: 45457 | C46: North | D46: Eduardo | E46: Widget C | F46: Premium | H46: 114.89 | I46: =G46*H46 | J46: TRUE
A47: ORD-1040 | B47: 45386 | C47: Central | D47: Daniela | E47: Widget A | F47: Standard | G47: 6 | H47: 73.65 | I47: =G47*H47
A48: ORD-1061 | B48: 45573 | C48: Central | D48: Bruno | E48: Widget C | F48: Standard | G48: 2 | I48: =G48*H48 | J48: FALSE
A49: ORD-1064 | B49: 45471 | C49: East | D49: Bruno | E49: Gadget B | F49: Premium | H49: 116.43 | I49: =G49*H49 | J49: FALSE
A50: ORD-1186 | B50: 45340 | C50: Central | D50: Eduardo | E50: Gadget A | F50: Standard | I50: =G50*H50 | J50: TRUE
A51: ORD-1151 | B51: 45586 | C51: North | D51: Ana | E51: Widget A | F51: Premium | I51: =G51*H51
A52: ORD-1134 | B52: 45537 | C52: North | D52: Bruno | E52: Gadget B | F52: Standard | H52: 8.5 | I52: =G52*H52 | J52: TRUE
A53: ORD-1113 | B53: 45368 | C53: Central | D53: Carlos | E53: Widget C | F53: Premium | H53: 6.34 | I53: =G53*H53
A54: ORD-1176 | B54: 45497 | C54: Central | D54: Bruno | E54: Widget C | F54: Standard | G54: 1 | I54: =G54*H54 | J54: TRUE
A55: ORD-1154 | B55: 45556 | C55: North | D55: Daniela | E55: Gadget B | F55: Discount | H55: 23.88 | I55: =G55*H55 | J55: TRUE
A56: ORD-1015 | B56: 45629 | C56: Central | D56: Eduardo | E56: Gadget B | F56: Premium | I56: =G56*H56 | J56: TRUE
A57: ORD-1126 | B57: 45404 | C57: North | D57: Eduardo | E57: Gadget A | F57: Premium | I57: =G57*H57
A58: ORD-1096 | B58: 45528 | C58: North | D58: Fernanda | E58: Gadget B | F58: Standard | G58: 7 | I58: =G58*H58
A59: ORD-1054 | B59: 45529 | C59: South | D59: Ana | E59: Gadget A | F59: Discount | G59: 14 | H59: 61.3 | I59: =G59*H59 | J59: FALSE
A60: ORD-1030 | B60: 45531 | C60: South | D60: Fernanda | E60: Gadget B | F60: Discount | I60: =G60*H60 | J60: TRUE
A61: ORD-1082 | B61: 45596 | C61: East | D61: Eduardo | E61: Gadget B | F61: Standard | H61: 114.56 | I61: =G61*H61
A62: ORD-1055 | B62: 45573 | C62: Central | D62: Ana | E62: Gadget A | F62: Standard | G62: 11 | I62: =G62*H62 | J62: TRUE
A63: ORD-1043 | B63: 45457 | C63: South | D63: Daniela | E63: Widget C | F63: Discount | H63: 20.55 | I63: =G63*H63
A64: ORD-1166 | B64: 45362 | C64: South | D64: Bruno | E64: Widget A | F64: Premium | G64: 12 | H64: 59.74 | I64: =G64*H64 | J64: TRUE
A65: ORD-1101 | B65: 45297 | C65: East | D65: Fernanda | E65: Widget B | F65: Standard | G65: 9 | H65: 48.69 | I65: =G65*H65
A66: ORD-1156 | B66: 45300 | C66: Central | D66: Daniela | E66: Gadget A | F66: Discount | I66: =G66*H66 | J66: TRUE
A67: ORD-1144 | B67: 45426 | C67: Central | D67: Ana | E67: Gadget A | F67: Premium | I67: =G67*H67 | J67: TRUE
A68: ORD-1018 | B68: 45558 | C68: North | D68: Carlos | E68: Gadget A | F68: Standard | H68: 75.42 | I68: =G68*H68 | J68: TRUE
A69: ORD-1149 | B69: 45378 | C69: South | D69: Daniela | E69: Widget B | F69: Premium | G69: 7 | H69: 71.36 | I69: =G69*H69 | J69: TRUE
A70: ORD-1030 | B70: 45483 | C70: East | D70: Daniela | E70: Widget B | F70: Premium | I70: =G70*H70 | J70: FALSE
A71: ORD-1170 | B71: 45651 | C71: East | D71: Bruno | E71: Widget B | F71: Discount | H71: 83.19 | I71: =G71*H71
A72: ORD-1004 | B72: 45423 | C72: West | D72: Ana | E72: Widget B | F72: Discount | H72: 12.69 | I72: =G72*H72 | J72: FALSE
A73: ORD-1072 | B73: 45398 | C73: East | D73: Daniela | E73: Widget A | F73: Discount | G73: 15 | I73: =G73*H73 | J73: FALSE
A74: ORD-1097 | B74: 45354 | C74: West | D74: Eduardo | E74: Gadget B | F74: Premium | I74: =G74*H74 | J74: TRUE
A75: ORD-1095 | B75: 45304 | C75: East | D75: Fernanda | E75: Gadget B | F75: Standard | G75: 7 | I75: =G75*H75
A76: ORD-1136 | B76: 45317 | C76: East | D76: Ana | E76: Gadget B | F76: Discount | I76: =G76*H76 | J76: FALSE
A77: ORD-1158 | B77: 45376 | C77: East | D77: Fernanda | E77: Widget C | F77: Discount | H77: 94.6 | I77: =G77*H77
A78: ORD-1133 | B78: 45508 | C78: South | D78: Ana | E78: Widget A | F78: Standard | G78: 5 | H78: 47.72 | I78: =G78*H78 | J78: FALSE
A79: ORD-1128 | B79: 45573 | C79: North | D79: Eduardo | E79: Gadget A | F79: Standard | I79: =G79*H79
A80: ORD-1152 | B80: 45564 | C80: North | D80: Ana | E80: Widget B | F80: Discount | I80: =G80*H80 | J80: TRUE
A81: ORD-1014 | B81: 45401 | C81: North | D81: Daniela | E81: Gadget A | F81: Standard | I81: =G81*H81 | J81: TRUE
A82: ORD-1002 | B82: 45388 | C82: East | D82: Bruno | E82: Widget C | F82: Standard | H82: 28.17 | I82: =G82*H82 | J82: FALSE
A83: ORD-1090 | B83: 45378 | C83: West | D83: Carlos | E83: Widget A | F83: Discount | G83: 4 | H83: 77.26 | I83: =G83*H83
A84: ORD-1038 | B84: 45477 | C84: East | D84: Carlos | E84: Widget A | F84: Discount | G84: 6 | H84: 41.45 | I84: =G84*H84
A85: ORD-1181 | B85: 45445 | C85: Central | D85: Eduardo | E85: Gadget B | F85: Premium | H85: 25.09 | I85: =G85*H85 | J85: FALSE
A86: ORD-1095 | B86: 45541 | C86: South | D86: Eduardo | E86: Gadget A | F86: Standard | I86: =G86*H86
A87: ORD-1131 | B87: 45324 | C87: South | D87: Eduardo | E87: Widget A | F87: Premium | H87: 70.65 | I87: =G87*H87 | J87: FALSE
A88: ORD-1057 | B88: 45591 | C88: North | D88: Daniela | E88: Widget B | F88: Standard | G88: 10 | H88: 81.16 | I88: =G88*H88 | J88: FALSE
A89: ORD-1139 | B89: 45609 | C89: Central | D89: Bruno | E89: Gadget B | F89: Discount | G89: 1 | I89: =G89*H89 | J89: FALSE
A90: ORD-1076 | B90: 45360 | C90: West | D90: Fernanda | E90: Widget A | F90: Standard | H90: 49.25 | I90: =G90*H90
A91: ORD-1198 | B91: 45345 | C91: South | D91: Daniela | E91: Gadget B | F91: Standard | G91: 11 | H91: 49.34 | I91: =G91*H91 | J91: FALSE
A92: ORD-1049 | B92: 45399 | C92: West | D92: Bruno | E92: Widget A | F92: Premium | H92: 42.69 | I92: =G92*H92
A93: ORD-1047 | B93: 45623 | C93: North | D93: Bruno | E93: Gadget B | F93: Premium | H93: 60.53 | I93: =G93*H93 | J93: TRUE
A94: ORD-1001 | B94: 45499 | C94: West | D94: Carlos | E94: Widget B | F94: Discount | G94: 6 | H94: 108.85 | I94: =G94*H94
A95: ORD-1153 | B95: 45412 | C95: West | D95: Bruno | E95: Gadget B | F95: Discount | H95: 99.85 | I95: =G95*H95 | J95: TRUE
A96: ORD-1141 | B96: 45529 | C96: Central | D96: Ana | E96: Widget B | F96: Discount | H96: 38.97 | I96: =G96*H96 | J96: TRUE
A97: ORD-1066 | B97: 45509 | C97: North | D97: Eduardo | E97: Widget B | F97: Standard | I97: =G97*H97 | J97: FALSE
A98: ORD-1150 | B98: 45532 | C98: West | D98: Bruno | E98: Widget A | F98: Standard | H98: 43.1 | I98: =G98*H98 | J98: FALSE
A99: ORD-1179 | B99: 45308 | C99: East | D99: Eduardo | E99: Gadget A | F99: Discount | H99: 49.56 | I99: =G99*H99
A100: ORD-1113 | B100: 45335 | C100: Central | D100: Daniela | E100: Widget C | F100: Premium | G100: 15 | H100: 119.38 | I100: =G100*H100 | J100: TRUE
...

Sheet Table_8
A1: OrderID | B1: Date | C1: Region | D1: Seller | E1: Product | F1: Category | G1: Units | H1: UnitPrice | I1: Revenue | J1: Approved
A2: ORD-1107 | B2: 45467 | C2: South | D2: Ana | E2: Widget B | F2: Discount | I2: =G2*H2 | J2: TRUE
A3: ORD-1085 | B3: 45510 | C3: West | D3: Eduardo | E3: Gadget A | F3: Standard | G3: 10 | I3: =G3*H3 | J3: FALSE
A4: ORD-1081 | B4: 45327 | C4: North | D4: Eduardo | E4: Widget C | F4: Premium | G4: 6 | I4: =G4*H4 | J4: TRUE
A5: ORD-1163 | B5: 45317 | C5: Central | D5: Daniela | E5: Widget A | F5: Discount | G5: 13 | I5: =G5*H5
A6: ORD-1169 | B6: 45574 | C6: Central | D6: Ana | E6: Gadget A | F6: Standard | G6: 15 | H6: 76.57 | I6: =G6*H6 | J6: TRUE
A7: ORD-1079 | B7: 45493 | C7: Central | D7: Carlos | E7: Widget C | F7: Discount | G7: 3 | H7: 109.6 | I7: =G7*H7
A8: ORD-1196 | B8: 45615 | C8: North | D8: Carlos | E8: Widget B | F8: Standard | G8: 11 | I8: =G8*H8 | J8: TRUE
A9: ORD-1055 | B9: 45322 | C9: South | D9: Fernanda | E9: Widget A | F9: Premium | G9: 4 | I9: =G9*H9
A10: ORD-1006 | B10: 45329 | C10: East | D10: Daniela | E10: Gadget A | F10: Standard | G10: 15 | H10: 91.23 | I10: =G10*H10 | J10: TRUE
A11: ORD-1026 | B11: 45616 | C11: North | D11: Carlos | E11: Widget B | F11: Discount | G11: 13 | I11: =G11*H11 | J11: TRUE
A12: ORD-1117 | B12: 45458 | C12: South | D12: Eduardo | E12: Gadget A | F12: Premium | G12: 2 | I12: =G12*H12 | J12: FALSE
A13: ORD-1065 | B13: 45298 | C13: South | D13: Eduardo | E13: Widget B | F13: Premium | G13: 2 | H13: 88.69 | I13: =G13*H13
A14: ORD-1164 | B14: 45313 | C14: East | D14: Daniela | E14: Widget B | F14: Premium | I14: =G14*H14 | J14: TRUE
A15: ORD-1195 | B15: 45455 | C15: South | D15: Ana | E15: Widget A | F15: Standard | I15: =G15*H15 | J15: TRUE
A16: ORD-1198 | B16: 45622 | C16: Central | D16: Fernanda | E16: Widget B | F16: Discount | I16: =G16*H16 | J16: FALSE
A17: ORD-1014 | B17: 45396 | C17: East | D17: Ana | E17: Widget A | F17: Discount | H17: 108.66 | I17: =G17*H17
A18: ORD-1030 | B18: 45436 | C18: Central | D18: Eduardo | E18: Widget B | F18: Premium | H18: 60.75 | I18: =G18*H18
A19: ORD-1067 | B19: 45564 | C19: South | D19: Daniela | E19: Gadget A | F19: Standard | G19: 7 | H19: 100.27 | I19: =G19*H19 | J19: FALSE
A20: ORD-1001 | B20: 45464 | C20: West | D20: Fernanda | E20: Widget A | F20: Standard | G20: 3 | I20: =G20*H20 | J20: TRUE
A21: ORD-1091 | B21: 45599 | C21: West | D21: Eduardo | E21: Gadget A | F21: Discount | G21: 6 | H21: 86.12 | I21: =G21*H21 | J21: TRUE
A22: ORD-1035 | B22: 45469 | C22: North | D22: Fernanda | E22: Widget A | F22: Standard | G22: 8 | I22: =G22*H22 | J22: FALSE
A23: ORD-1116 | B23: 45525 | C23: Central | D23: Ana | E23: Gadget B | F23: Discount | G23: 12 | I23: =G23*H23 | J23: TRUE
A24: ORD-1165 | B24: 45353 | C24: West | D24: Eduardo | E24: Widget C | F24: Discount | G24: 9 | I24: =G24*H24
A25: ORD-1037 | B25: 45300 | C25: West | D25: Carlos | E25: Gadget A | F25: Discount | G25: 6 | I25: =G25*H25
A26: ORD-1040 | B26: 45584 | C26: South | D26: Eduardo | E26: Gadget A | F26: Premium | H26: 91.8 | I26: =G26*H26
A27: ORD-1026 | B27: 45501 | C27: East | D27: Fernanda | E27: Gadget B | F27: Premium | H27: 27.52 | I27: =G27*H27 | J27: TRUE
A28: ORD-1018 | B28: 45414 | C28: West | D28: Carlos | E28: Widget C | F28: Discount | G28: 8 | I28: =G28*H28 | J28: FALSE
A29: ORD-1068 | B29: 45504 | C29: West | D29: Carlos | E29: Widget A | F29: Standard | I29: =G29*H29 | J29: TRUE
A30: ORD-1131 | B30: 45461 | C30: West | D30: Ana | E30: Widget B | F30: Premium | G30: 9 | H30: 76.54 | I30: =G30*H30 | J30: FALSE
A31: ORD-1159 | B31: 45523 | C31: North | D31: Ana | E31: Widget B | F31: Premium | I31: =G31*H31 | J31: TRUE
A32: ORD-1193 | B32: 45643 | C32: North | D32: Ana | E32: Widget B | F32: Standard | H32: 118.32 | I32: =G32*H32 | J32: TRUE
A33: ORD-1002 | B33: 45387 | C33: East | D33: Bruno | E33: Widget C | F33: Standard | I33: =G33*H33 | J33: TRUE
A34: ORD-1051 | B34: 45367 | C34: West | D34: Ana | E34: Widget A | F34: Standard | G34: 8 | I34: =G34*H34 | J34: FALSE
A35: ORD-1140 | B35: 45611 | C35: West | D35: Carlos | E35: Widget C | F35: Standard | H35: 96.57 | I35: =G35*H35 | J35: FALSE
A36: ORD-1165 | B36: 45614 | C36: North | D36: Ana | E36: Widget C | F36: Premium | H36: 99.07 | I36: =G36*H36 | J36: TRUE
A37: ORD-1045 | B37: 45457 | C37: East | D37: Carlos | E37: Gadget A | F37: Discount | I37: =G37*H37 | J37: TRUE
A38: ORD-1103 | B38: 45509 | C38: East | D38: Eduardo | E38: Gadget A | F38: Standard | H38: 77.18 | I38: =G38*H38 | J38: FALSE
A39: ORD-1172 | B39: 45510 | C39: North | D39: Fernanda | E39: Widget B | F39: Standard | G39: 5 | H39: 52.91 | I39: =G39*H39 | J39: TRUE
A40: ORD-1165 | B40: 45566 | C40: West | D40: Eduardo | E40: Gadget B | F40: Standard | I40: =G40*H40 | J40: TRUE
A41: ORD-1149 | B41: 45600 | C41: West | D41: Fernanda | E41: Gadget B | F41: Discount | I41: =G41*H41
A42: ORD-1141 | B42: 45454 | C42: Central | D42: Eduardo | E42: Gadget A | F42: Standard | I42: =G42*H42
A43: ORD-1006 | B43: 45584 | C43: South | D43: Fernanda | E43: Widget A | F43: Premium | G43: 14 | H43: 66.56 | I43: =G43*H43
A44: ORD-1117 | B44: 45342 | C44: Central | D44: Ana | E44: Widget A | F44: Discount | G44: 7 | I44: =G44*H44 | J44: FALSE
A45: ORD-1047 | B45: 45404 | C45: West | D45: Daniela | E45: Widget B | F45: Discount | H45: 12.31 | I45: =G45*H45 | J45: FALSE
A46: ORD-1135 | B46: 45450 | C46: Central | D46: Fernanda | E46: Widget A | F46: Discount | I46: =G46*H46 | J46: TRUE
A47: ORD-1010 | B47: 45373 | C47: Central | D47: Ana | E47: Widget B | F47: Standard | I47: =G47*H47 | J47: FALSE
A48: ORD-1103 | B48: 45632 | C48: North | D48: Carlos | E48: Widget A | F48: Standard | I48: =G48*H48
A49: ORD-1120 | B49: 45416 | C49: North | D49: Fernanda | E49: Widget B | F49: Premium | G49: 1 | I49: =G49*H49 | J49: FALSE
A50: ORD-1165 | B50: 45413 | C50: East | D50: Ana | E50: Widget B | F50: Premium | G50: 6 | H50: 74.5 | I50: =G50*H50 | J50: TRUE
A51: ORD-1072 | B51: 45480 | C51: North | D51: Bruno | E51: Gadget A | F51: Premium | I51: =G51*H51 | J51: FALSE
A52: ORD-1021 | B52: 45323 | C52: North | D52: Eduardo | E52: Widget A | F52: Discount | I52: =G52*H52 | J52: TRUE
A53: ORD-1040 | B53: 45546 | C53: North | D53: Bruno | E53: Widget C | F53: Standard | G53: 6 | I53: =G53*H53
A54: ORD-1196 | B54: 45450 | C54: Central | D54: Fernanda | E54: Widget C | F54: Discount | G54: 2 | I54: =G54*H54 | J54: FALSE
A55: ORD-1019 | B55: 45639 | C55: Central | D55: Carlos | E55: Gadget A | F55: Premium | G55: 6 | I55: =G55*H55
A56: ORD-1078 | B56: 45646 | C56: North | D56: Fernanda | E56: Widget C | F56: Standard | H56: 52.22 | I56: =G56*H56
A57: ORD-1172 | B57: 45374 | C57: West | D57: Fernanda | E57: Widget A | F57: Standard | I57: =G57*H57
A58: ORD-1196 | B58: 45507 | C58: East | D58: Eduardo | E58: Widget A | F58: Premium | I58: =G58*H58 | J58: TRUE
A59: ORD-1031 | B59: 45345 | C59: South | D59: Bruno | E59: Widget A | F59: Standard | H59: 58.51 | I59: =G59*H59
A60: ORD-1192 | B60: 45537 | C60: Central | D60: Ana | E60: Widget A | F60: Discount | G60: 11 | H60: 101.68 | I60: =G60*H60
A61: ORD-1123 | B61: 45507 | C61: West | D61: Daniela | E61: Gadget B | F61: Discount | H61: 56.48 | I61: =G61*H61 | J61: FALSE
A62: ORD-1156 | B62: 45564 | C62: Central | D62: Fernanda | E62: Gadget A | F62: Standard | I62: =G62*H62
A63: ORD-1068 | B63: 45357 | C63: Central | D63: Carlos | E63: Gadget A | F63: Premium | G63: 10 | I63: =G63*H63 | J63: FALSE
A64: ORD-1059 | B64: 45594 | C64: Central | D64: Daniela | E64: Widget B | F64: Standard | G64: 9 | I64: =G64*H64 | J64: TRUE
A65: ORD-1124 | B65: 45569 | C65: South | D65: Carlos | E65: Widget C | F65: Premium | H65: 86.37 | I65: =G65*H65 | J65: TRUE
A66: ORD-1012 | B66: 45518 | C66: South | D66: Ana | E66: Gadget B | F66: Premium | I66: =G66*H66 | J66: TRUE
A67: ORD-1049 | B67: 45457 | C67: Central | D67: Daniela | E67: Widget B | F67: Standard | G67: 9 | H67: 31.34 | I67: =G67*H67
A68: ORD-1041 | B68: 45455 | C68: East | D68: Carlos | E68: Gadget A | F68: Premium | I68: =G68*H68 | J68: TRUE
A69: ORD-1039 | B69: 45600 | C69: West | D69: Daniela | E69: Widget A | F69: Premium | I69: =G69*H69 | J69: TRUE
A70: ORD-1124 | B70: 45376 | C70: West | D70: Bruno | E70: Widget C | F70: Standard | G70: 12 | H70: 14.61 | I70: =G70*H70 | J70: TRUE
A71: ORD-1129 | B71: 45512 | C71: Central | D71: Fernanda | E71: Gadget B | F71: Standard | G71: 7 | H71: 30.49 | I71: =G71*H71 | J71: TRUE
A72: ORD-1020 | B72: 45307 | C72: East | D72: Eduardo | E72: Widget C | F72: Standard | G72: 4 | I72: =G72*H72 | J72: TRUE
A73: ORD-1185 | B73: 45430 | C73: East | D73: Eduardo | E73: Widget A | F73: Discount | G73: 1 | H73: 112.07 | I73: =G73*H73
A74: ORD-1138 | B74: 45449 | C74: West | D74: Bruno | E74: Widget A | F74: Standard | I74: =G74*H74 | J74: TRUE
A75: ORD-1080 | B75: 45546 | C75: East | D75: Fernanda | E75: Widget A | F75: Standard | G75: 14 | I75: =G75*H75
A76: ORD-1148 | B76: 45570 | C76: South | D76: Bruno | E76: Widget C | F76: Standard | G76: 1 | H76: 43.08 | I76: =G76*H76
A77: ORD-1034 | B77: 45653 | C77: South | D77: Ana | E77: Widget B | F77: Premium | G77: 8 | I77: =G77*H77 | J77: TRUE
A78: ORD-1137 | B78: 45332 | C78: East | D78: Eduardo | E78: Widget C | F78: Discount | G78: 5 | I78: =G78*H78
A79: ORD-1194 | B79: 45389 | C79: North | D79: Carlos | E79: Widget A | F79: Standard | H79: 26.15 | I79: =G79*H79 | J79: TRUE
A80: ORD-1003 | B80: 45369 | C80: West | D80: Daniela | E80: Widget A | F80: Premium | H80: 110.43 | I80: =G80*H80 | J80: FALSE
A81: ORD-1033 | B81: 45616 | C81: South | D81: Ana | E81: Widget C | F81: Discount | G81: 3 | I81: =G81*H81 | J81: TRUE
A82: ORD-1043 | B82: 45419 | C82: North | D82: Eduardo | E82: Gadget B | F82: Standard | H82: 8.06 | I82: =G82*H82
A83: ORD-1109 | B83: 45319 | C83: West | D83: Eduardo | E83: Widget C | F83: Standard | I83: =G83*H83 | J83: TRUE
A84: ORD-1002 | B84: 45513 | C84: South | D84: Fernanda | E84: Widget B | F84: Premium | H84: 90.95 | I84: =G84*H84 | J84: TRUE
A85: ORD-1169 | B85: 45370 | C85: Central | D85: Daniela | E85: Widget B | F85: Premium | G85: 6 | H85: 27.92 | I85: =G85*H85 | J85: FALSE
A86: ORD-1069 | B86: 45429 | C86: West | D86: Daniela | E86: Gadget A | F86: Premium | H86: 27.46 | I86: =G86*H86 | J86: TRUE
A87: ORD-1091 | B87: 45476 | C87: Central | D87: Daniela | E87: Widget B | F87: Discount | G87: 5 | I87: =G87*H87
A88: ORD-1165 | B88: 45354 | C88: South | D88: Fernanda | E88: Widget B | F88: Standard | G88: 3 | I88: =G88*H88 | J88: TRUE
A89: ORD-1041 | B89: 45452 | C89: West | D89: Ana | E89: Widget B | F89: Standard | I89: =G89*H89 | J89: TRUE
A90: ORD-1106 | B90: 45391 | C90: Central | D90: Fernanda | E90: Widget B | F90: Premium | G90: 13 | H90: 79.77 | I90: =G90*H90 | J90: FALSE
A91: ORD-1001 | B91: 45576 | C91: East | D91: Carlos | E91: Gadget A | F91: Standard | I91: =G91*H91 | J91: FALSE
A92: ORD-1091 | B92: 45531 | C92: West | D92: Ana | E92: Widget A | F92: Discount | H92: 99.57 | I92: =G92*H92
A93: ORD-1048 | B93: 45375 | C93: South | D93: Bruno | E93: Gadget B | F93: Premium | I93: =G93*H93 | J93: TRUE
A94: ORD-1135 | B94: 45415 | C94: East | D94: Bruno | E94: Gadget A | F94: Premium | H94: 69.65 | I94: =G94*H94 | J94: TRUE
A95: ORD-1168 | B95: 45642 | C95: South | D95: Bruno | E95: Widget B | F95: Standard | G95: 12 | I95: =G95*H95 | J95: TRUE
A96: ORD-1097 | B96: 45319 | C96: West | D96: Fernanda | E96: Widget B | F96: Discount | H96: 94.87 | I96: =G96*H96 | J96: FALSE
A97: ORD-1195 | B97: 45466 | C97: North | D97: Daniela | E97: Widget B | F97: Standard | I97: =G97*H97
A98: ORD-1067 | B98: 45325 | C98: East | D98: Bruno | E98: Widget B | F98: Standard | G98: 15 | H98: 31.95 | I98: =G98*H98 | J98: TRUE
A99: ORD-1098 | B99: 45331 | C99: West | D99: Fernanda | E99: Gadget B | F99: Standard | G99: 3 | H99: 89.21 | I99: =G99*H99
A100: ORD-1133 | B100: 45319 | C100: West | D100: Eduardo | E100: Gadget A | F100: Premium | G100: 13 | I100: =G100*H100 | J100: TRUE
...

Sheet Table_9
A1: OrderID | B1: Date | C1: Region | D1: Seller | E1: Product | F1: Category | G1: Units | H1: UnitPrice | I1: Revenue | J1: Approved
A2: ORD-1027 | B2: 45375 | C2: East | D2: Fernanda | E2: Widget C | F2: Standard | G2: 14 | I2: =G2*H2 | J2: FALSE
A3: ORD-1013 | B3: 45565 | C3: South | D3: Bruno | E3: Widget A | F3: Premium | G3: 5 | H3: 114.81 | I3: =G3*H3 | J3: FALSE
A4: ORD-1011 | B4: 45586 | C4: East | D4: Bruno | E4: Gadget A | F4: Premium | H4: 10.34 | I4: =G4*H4 | J4: FALSE
A5: ORD-1026 | B5: 45595 | C5: East | D5: Ana | E5: Widget B | F5: Standard | I5: =G5*H5
A6: ORD-1198 | B6: 45546 | C6: South | D6: Eduardo | E6: Widget B | F6: Premium | I6: =G6*H6 | J6: FALSE
A7: ORD-1186 | B7: 45553 | C7: South | D7: Carlos | E7: Widget C | F7: Standard | I7: =G7*H7
A8: ORD-1046 | B8: 45366 | C8: North | D8: Fernanda | E8: Widget A | F8: Standard | G8: 1 | I8: =G8*H8 | J8: TRUE
A9: ORD-1067 | B9: 45316 | C9: Central | D9: Ana | E9: Widget B | F9: Discount | G9: 11 | H9: 71.55 | I9: =G9*H9 | J9: TRUE
A10: ORD-1000 | B10: 45454 | C10: South | D10: Carlos | E10: Widget C | F10: Standard | H10: 19.38 | I10: =G10*H10 | J10: FALSE
A11: ORD-1024 | B11: 45541 | C11: Central | D11: Ana | E11: Widget C | F11: Standard | G11: 10 | H11: 58.22 | I11: =G11*H11
A12: ORD-1197 | B12: 45525 | C12: North | D12: Bruno | E12: Gadget A | F12: Discount | G12: 1 | I12: =G12*H12
A13: ORD-1180 | B13: 45450 | C13: South | D13: Bruno | E13: Gadget B | F13: Standard | H13: 36.3 | I13: =G13*H13 | J13: TRUE
A14: ORD-1174 | B14: 45322 | C14: Central | D14: Ana | E14: Widget C | F14: Premium | H14: 43.18 | I14: =G14*H14 | J14: TRUE
A15: ORD-1158 | B15: 45461 | C15: North | D15: Ana | E15: Widget A | F15: Discount | H15: 93.19 | I15: =G15*H15 | J15: TRUE
A16: ORD-1087 | B16: 45596 | C16: North | D16: Daniela | E16: Widget C | F16: Discount | I16: =G16*H16 | J16: FALSE
A17: ORD-1180 | B17: 45426 | C17: South | D17: Bruno | E17: Widget B | F17: Discount | G17: 12 | H17: 95.85 | I17: =G17*H17 | J17: TRUE
A18: ORD-1084 | B18: 45440 | C18: East | D18: Bruno | E18: Gadget B | F18: Premium | G18: 5 | I18: =G18*H18
A19: ORD-1169 | B19: 45589 | C19: West | D19: Bruno | E19: Gadget A | F19: Standard | H19: 107.9 | I19: =G19*H19 | J19: TRUE
A20: ORD-1179 | B20: 45295 | C20: East | D20: Bruno | E20: Widget A | F20: Premium | G20: 4 | H20: 75.02 | I20: =G20*H20 | J20: FALSE
A21: ORD-1020 | B21: 45493 | C21: West | D21: Fernanda | E21: Widget A | F21: Standard | I21: =G21*H21 | J21: TRUE
A22: ORD-1200 | B22: 45474 | C22: South | D22: Carlos | E22: Widget A | F22: Standard | G22: 10 | I22: =G22*H22
A23: ORD-1105 | B23: 45426 | C23: East | D23: Bruno | E23: Widget C | F23: Discount | G23: 1 | H23: 106.29 | I23: =G23*H23 | J23: FALSE
A24: ORD-1015 | B24: 45407 | C24: West | D24: Bruno | E24: Widget C | F24: Discount | G24: 4 | H24: 65.28 | I24: =G24*H24 | J24: FALSE
A25: ORD-1152 | B25: 45625 | C25: East | D25: Carlos | E25: Gadget B | F25: Standard | H25: 93.23 | I25: =G25*H25 | J25: TRUE
A26: ORD-1093 | B26: 45626 | C26: East | D26: Carlos | E26: Gadget A | F26: Premium | G26: 12 | I26: =G26*H26
A27: ORD-1133 | B27: 45373 | C27: Central | D27: Bruno | E27: Widget C | F27: Premium | G27: 4 | I27: =G27*H27 | J27: TRUE
A28: ORD-1009 | B28: 45334 | C28: East | D28: Fernanda | E28: Widget C | F28: Premium | G28: 4 | I28: =G28*H28 | J28: TRUE
A29: ORD-1101 | B29: 45533 | C29: North | D29: Bruno | E29: Widget B | F29: Standard | I29: =G29*H29 | J29: FALSE
A30: ORD-1079 | B30: 45544 | C30: West | D30: Bruno | E30: Gadget A | F30: Premium | G30: 13 | H30: 37.46 | I30: =G30*H30 | J30: TRUE
A31: ORD-1108 | B31: 45541 | C31: North | D31: Ana | E31: Gadget A | F31: Standard | I31: =G31*H31
A32: ORD-1034 | B32: 45627 | C32: South | D32: Ana | E32: Gadget A | F32: Discount | I32: =G32*H32
A33: ORD-1009 | B33: 45473 | C33: South | D33: Daniela | E33: Widget C | F33: Premium | I33: =G33*H33 | J33: FALSE
A34: ORD-1018 | B34: 45537 | C34: South | D34: Daniela | E34: Gadget A | F34: Standard | I34: =G34*H34 | J34: TRUE
A35: ORD-1103 | B35: 45520 | C35: East | D35: Fernanda | E35: Widget A | F35: Premium | H35: 5.29 | I35: =G35*H35 | J35: FALSE
A36: ORD-1021 | B36: 45477 | C36: North | D36: Eduardo | E36: Gadget A | F36: Premium | I36: =G36*H36 | J36: FALSE
A37: ORD-1168 | B37: 45312 | C37: Central | D37: Ana | E37: Gadget B | F37: Standard | G37: 1 | I37: =G37*H37 | J37: FALSE
A38: ORD-1040 | B38: 45388 | C38: East | D38: Eduardo | E38: Widget A | F38: Discount | I38: =G38*H38 | J38: TRUE
A39: ORD-1012 | B39: 45435 | C39: North | D39: Fernanda | E39: Gadget A | F39: Premium | I39: =G39*H39 | J39: FALSE
A40: ORD-1090 | B40: 45337 | C40: West | D40: Carlos | E40: Widget B | F40: Standard | G40: 15 | I40: =G40*H40
A41: ORD-1111 | B41: 45295 | C41: North | D41: Bruno | E41: Gadget A | F41: Premium | G41: 3 | H41: 40.56 | I41: =G41*H41 | J41: FALSE
A42: ORD-1171 | B42: 45366 | C42: South | D42: Eduardo | E42: Gadget B | F42: Premium | I42: =G42*H42 | J42: FALSE
A43: ORD-1051 | B43: 45432 | C43: West | D43: Bruno | E43: Widget A | F43: Standard | G43: 11 | H43: 36.61 | I43: =G43*H43 | J43: TRUE
A44: ORD-1010 | B44: 45548 | C44: North | D44: Eduardo | E44: Widget C | F44: Discount | H44: 72.58 | I44: =G44*H44 | J44: TRUE
A45: ORD-1060 | B45: 45595 | C45: West | D45: Bruno | E45: Widget C | F45: Premium | G45: 4 | I45: =G45*H45 | J45: TRUE
A46: ORD-1133 | B46: 45524 | C46: Central | D46: Daniela | E46: Widget B | F46: Standard | I46: =G46*H46 | J46: TRUE
A47: ORD-1014 | B47: 45348 | C47: West | D47: Bruno | E47: Widget C | F47: Discount | H47: 111.97 | I47: =G47*H47 | J47: FALSE
A48: ORD-1055 | B48: 45628 | C48: East | D48: Eduardo | E48: Widget A | F48: Standard | G48: 4 | H48: 93.88 | I48: =G48*H48
A49: ORD-1200 | B49: 45612 | C49: West | D49: Ana | E49: Gadget A | F49: Premium | H49: 5.88 | I49: =G49*H49 | J49: TRUE
A50: ORD-1073 | B50: 45474 | C50: Central | D50: Eduardo | E50: Gadget A | F50: Discount | G50: 9 | I50: =G50*H50
A51: ORD-1075 | B51: 45496 | C51: North | D51: Daniela | E51: Widget A | F51: Premium | H51: 95.72 | I51: =G51*H51 | J51: FALSE
A52: ORD-1090 | B52: 45649 | C52: Central | D52: Eduardo | E52: Gadget B | F52: Discount | I52: =G52*H52 | J52: FALSE
A53: ORD-1091 | B53: 45655 | C53: West | D53: Daniela | E53: Widget A | F53: Discount | G53: 9 | I53: =G53*H53 | J53: TRUE
A54: ORD-1030 | B54: 45596 | C54: Central | D54: Eduardo | E54: Widget C | F54: Discount | H54: 73.37 | I54: =G54*H54
A55: ORD-1060 | B55: 45453 | C55: West | D55: Ana | E55: Widget C | F55: Premium | I55: =G55*H55 | J55: TRUE
A56: ORD-1160 | B56: 45576 | C56: Central | D56: Fernanda | E56: Gadget B | F56: Discount | G56: 5 | I56: =G56*H56 | J56: TRUE
A57: ORD-1119 | B57: 45376 | C57: South | D57: Ana | E57: Widget A | F57: Premium | G57: 9 | H57: 24.98 | I57: =G57*H57 | J57: FALSE
A58: ORD-1173 | B58: 45313 | C58: East | D58: Daniela | E58: Widget A | F58: Standard | G58: 6 | I58: =G58*H58 | J58: TRUE
A59: ORD-1030 | B59: 45457 | C59: North | D59: Eduardo | E59: Widget A | F59: Premium | G59: 2 | H59: 48.64 | I59: =G59*H59
A60: ORD-1185 | B60: 45388 | C60: Central | D60: Daniela | E60: Widget A | F60: Premium | G60: 3 | I60: =G60*H60 | J60: FALSE
A61: ORD-1093 | B61: 45358 | C61: Central | D61: Eduardo | E61: Gadget B | F61: Discount | I61: =G61*H61
A62: ORD-1038 | B62: 45581 | C62: East | D62: Bruno | E62: Gadget A | F62: Premium | I62: =G62*H62 | J62: TRUE
A63: ORD-1003 | B63: 45571 | C63: East | D63: Daniela | E63: Widget C | F63: Standard | H63: 92.45 | I63: =G63*H63
A64: ORD-1116 | B64: 45387 | C64: South | D64: Bruno | E64: Widget A | F64: Standard | H64: 115.85 | I64: =G64*H64
A65: ORD-1045 | B65: 45634 | C65: North | D65: Daniela | E65: Widget C | F65: Premium | G65: 13 | I65: =G65*H65
A66: ORD-1077 | B66: 45336 | C66: West | D66: Daniela | E66: Widget A | F66: Discount | G66: 14 | H66: 91.46 | I66: =G66*H66
A67: ORD-1074 | B67: 45391 | C67: South | D67: Carlos | E67: Widget A | F67: Premium | G67: 4 | H67: 94.11 | I67: =G67*H67 | J67: TRUE
A68: ORD-1119 | B68: 45632 | C68: Central | D68: Fernanda | E68: Widget C | F68: Discount | G68: 13 | I68: =G68*H68 | J68: FALSE
A69: ORD-1127 | B69: 45328 | C69: North | D69: Fernanda | E69: Gadget B | F69: Premium | G69: 6 | I69: =G69*H69
A70: ORD-1072 | B70: 45533 | C70: Central | D70: Bruno | E70: Gadget B | F70: Discount | H70: 74.81 | I70: =G70*H70 | J70: TRUE
A71: ORD-1055 | B71: 45560 | C71: East | D71: Carlos | E71: Gadget A | F71: Discount | G71: 1 | H71: 14.16 | I71: =G71*H71 | J71: TRUE
A72: ORD-1117 | B72: 45623 | C72: East | D72: Eduardo | E72: Gadget B | F72: Standard | I72: =G72*H72 | J72: FALSE
A73: ORD-1045 | B73: 45371 | C73: South | D73: Fernanda | E73: Widget A | F73: Standard | I73: =G73*H73 | J73: FALSE
A74: ORD-1124 | B74: 45428 | C74: South | D74: Carlos | E74: Gadget B | F74: Standard | H74: 60.31 | I74: =G74*H74 | J74: TRUE
A75: ORD-1092 | B75: 45487 | C75: East | D75: Daniela | E75: Widget B | F75: Premium | G75: 15 | H75: 72.17 | I75: =G75*H75
A76: ORD-1059 | B76: 45301 | C76: East | D76: Daniela | E76: Gadget A | F76: Standard | G76: 4 | H76: 89.33 | I76: =G76*H76
A77: ORD-1134 | B77: 45621 | C77: West | D77: Fernanda | E77: Gadget A | F77: Discount | G77: 3 | H77: 73.81 | I77: =G77*H77 | J77: TRUE
A78: ORD-1095 | B78: 45632 | C78: West | D78: Eduardo | E78: Widget C | F78: Discount | H78: 10 | I78: =G78*H78
A79: ORD-1107 | B79: 45391 | C79: East | D79: Ana | E79: Gadget B | F79: Standard | H79: 43.65 | I79: =G79*H79
A80: ORD-1188 | B80: 45395 | C80: Central | D80: Eduardo | E80: Widget B | F80: Discount | G80: 7 | I80: =G80*H80
A81: ORD-1023 | B81: 45498 | C81: Central | D81: Daniela | E81: Gadget A | F81: Premium | G81: 10 | I81: =G81*H81 | J81: TRUE
A82: ORD-1080 | B82: 45351 | C82: East | D82: Eduardo | E82: Widget B | F82: Premium | I82: =G82*H82 | J82: FALSE
A83: ORD-1156 | B83: 45452 | C83: South | D83: Carlos | E83: Widget C | F83: Discount | H83: 86.02 | I83: =G83*H83 | J83: FALSE
A84: ORD-1169 | B84: 45373 | C84: West | D84: Eduardo | E84: Gadget A | F84: Premium | G84: 6 | I84: =G84*H84 | J84: FALSE
A85: ORD-1053 | B85: 45619 | C85: South | D85: Daniela | E85: Gadget A | F85: Standard | G85: 7 | H85: 25.71 | I85: =G85*H85 | J85: TRUE
A86: ORD-1058 | B86: 45399 | C86: Central | D86: Fernanda | E86: Gadget A | F86: Premium | G86: 15 | H86: 12.55 | I86: =G86*H86 | J86: TRUE
A87: ORD-1066 | B87: 45652 | C87: West | D87: Carlos | E87: Gadget B | F87: Discount | H87: 25.02 | I87: =G87*H87
A88: ORD-1152 | B88: 45350 | C88: Central | D88: Bruno | E88: Widget A | F88: Premium | I88: =G88*H88 | J88: TRUE
A89: ORD-1069 | B89: 45557 | C89: West | D89: Bruno | E89: Widget C | F89: Premium | H89: 113.77 | I89: =G89*H89 | J89: TRUE
A90: ORD-1135 | B90: 45482 | C90: East | D90: Carlos | E90: Gadget B | F90: Discount | G90: 6 | I90: =G90*H90 | J90: TRUE
A91: ORD-1066 | B91: 45506 | C91: North | D91: Fernanda | E91: Widget B | F91: Discount | G91: 15 | I91: =G91*H91 | J91: FALSE
A92: ORD-1117 | B92: 45490 | C92: South | D92: Eduardo | E92: Widget B | F92: Standard | G92: 6 | H92: 75.56 | I92: =G92*H92
A93: ORD-1065 | B93: 45513 | C93: North | D93: Daniela | E93: Widget C | F93: Discount | H93: 112.99 | I93: =G93*H93 | J93: FALSE
A94: ORD-1141 | B94: 45506 | C94: South | D94: Eduardo | E94: Widget C | F94: Discount | G94: 7 | H94: 38.6 | I94: =G94*H94
A95: ORD-1065 | B95: 45613 | C95: Central | D95: Daniela | E95: Gadget B | F95: Discount | G95: 14 | I95: =G95*H95
A96: ORD-1106 | B96: 45554 | C96: North | D96: Fernanda | E96: Gadget A | F96: Standard | I96: =G96*H96 | J96: TRUE
A97: ORD-1096 | B97: 45296 | C97: North | D97: Bruno | E97: Widget A | F97: Standard | I97: =G97*H97 | J97: TRUE
A98: ORD-1036 | B98: 45491 | C98: North | D98: Ana | E98: Gadget B | F98: Premium | G98: 13 | H98: 30.91 | I98: =G98*H98 | J98: FALSE
A99: ORD-1112 | B99: 45435 | C99: North | D99: Carlos | E99: Gadget B | F99: Standard | I99: =G99*H99 | J99: TRUE
A100: ORD-1155 | B100: 45421 | C100: North | D100: Eduardo | E100: Gadget A | F100: Standard | I100: =G100*H100
...

Sheet Table_10
A1: OrderID | B1: Date | C1: Region | D1: Seller | E1: Product | F1: Category | G1: Units | H1: UnitPrice | I1: Revenue | J1: Approved
A2: ORD-1006 | B2: 45567 | C2: East | D2: Carlos | E2: Widget A | F2: Discount | G2: 11 | H2: 33.09 | I2: =G2*H2 | J2: FALSE
A3: ORD-1138 | B3: 45396 | C3: South | D3: Ana | E3: Gadget B | F3: Premium | G3: 5 | H3: 32.86 | I3: =G3*H3 | J3: FALSE
A4: ORD-1119 | B4: 45403 | C4: Central | D4: Daniela | E4: Gadget B | F4: Discount | G4: 5 | I4: =G4*H4 | J4: TRUE
A5: ORD-1081 | B5: 45564 | C5: East | D5: Daniela | E5: Widget C | F5: Discount | I5: =G5*H5
A6: ORD-1186 | B6: 45498 | C6: West | D6: Ana | E6: Widget C | F6: Premium | I6: =G6*H6 | J6: FALSE
A7: ORD-1018 | B7: 45391 | C7: West | D7: Fernanda | E7: Widget A | F7: Discount | G7: 6 | I7: =G7*H7 | J7: FALSE
A8: ORD-1151 | B8: 45611 | C8: East | D8: Bruno | E8: Widget A | F8: Standard | G8: 9 | I8: =G8*H8 | J8: TRUE
A9: ORD-1025 | B9: 45370 | C9: East | D9: Eduardo | E9: Widget C | F9: Discount | H9: 81.63 | I9: =G9*H9 | J9: FALSE
A10: ORD-1034 | B10: 45441 | C10: West | D10: Bruno | E10: Gadget B | F10: Discount | G10: 3 | H10: 74.14 | I10: =G10*H10 | J10: TRUE
A11: ORD-1083 | B11: 45475 | C11: Central | D11: Carlos | E11: Widget A | F11: Standard | I11: =G11*H11 | J11: TRUE
A12: ORD-1086 | B12: 45306 | C12: South | D12: Ana | E12: Widget A | F12: Premium | I12: =G12*H12
A13: ORD-1122 | B13: 45430 | C13: North | D13: Fernanda | E13: Gadget B | F13: Premium | I13: =G13*H13 | J13: TRUE
A14: ORD-1045 | B14: 45340 | C14: East | D14: Ana | E14: Gadget B | F14: Discount | G14: 8 | H14: 7.78 | I14: =G14*H14 | J14: FALSE
A15: ORD-1089 | B15: 45612 | C15: Central | D15: Daniela | E15: Gadget A | F15: Standard | H15: 91.3 | I15: =G15*H15 | J15: TRUE
A16: ORD-1105 | B16: 45515 | C16: North | D16: Ana | E16: Gadget A | F16: Premium | H16: 67.38 | I16: =G16*H16 | J16: TRUE
A17: ORD-1042 | B17: 45467 | C17: North | D17: Daniela | E17: Widget C | F17: Discount | H17: 41.74 | I17: =G17*H17 | J17: TRUE
A18: ORD-1195 | B18: 45403 | C18: West | D18: Daniela | E18: Gadget B | F18: Premium | I18: =G18*H18 | J18: TRUE
A19: ORD-1179 | B19: 45476 | C19: North | D19: Eduardo | E19: Widget A | F19: Discount | G19: 8 | H19: 71.68 | I19: =G19*H19 | J19: FALSE
A20: ORD-1022 | B20: 45351 | C20: North | D20: Fernanda | E20: Widget A | F20: Standard | H20: 38.41 | I20: =G20*H20
A21: ORD-1059 | B21: 45359 | C21: West | D21: Bruno | E21: Widget B | F21: Standard | H21: 89.6 | I21: =G21*H21
A22: ORD-1057 | B22: 45437 | C22: North | D22: Bruno | E22: Widget B | F22: Standard | H22: 55.87 | I22: =G22*H22 | J22: TRUE
A23: ORD-1170 | B23: 45642 | C23: North | D23: Fernanda | E23: Widget B | F23: Discount | G23: 14 | H23: 118.85 | I23: =G23*H23
A24: ORD-1053 | B24: 45474 | C24: Central | D24: Ana | E24: Widget A | F24: Premium | I24: =G24*H24 | J24: FALSE
A25: ORD-1026 | B25: 45616 | C25: East | D25: Carlos | E25: Gadget B | F25: Discount | H25: 113.69 | I25: =G25*H25 | J25: TRUE
A26: ORD-1025 | B26: 45411 | C26: West | D26: Ana | E26: Widget B | F26: Discount | H26: 115.23 | I26: =G26*H26
A27: ORD-1116 | B27: 45412 | C27: North | D27: Eduardo | E27: Widget B | F27: Standard | H27: 102.7 | I27: =G27*H27
A28: ORD-1183 | B28: 45326 | C28: West | D28: Fernanda | E28: Gadget A | F28: Standard | G28: 10 | H28: 81 | I28: =G28*H28 | J28: FALSE
A29: ORD-1017 | B29: 45636 | C29: East | D29: Daniela | E29: Widget A | F29: Discount | G29: 13 | H29: 73.2 | I29: =G29*H29 | J29: TRUE
A30: ORD-1040 | B30: 45356 | C30: North | D30: Daniela | E30: Gadget B | F30: Discount | I30: =G30*H30 | J30: TRUE
A31: ORD-1193 | B31: 45646 | C31: South | D31: Fernanda | E31: Gadget B | F31: Standard | G31: 8 | I31: =G31*H31 | J31: TRUE
A32: ORD-1026 | B32: 45555 | C32: South | D32: Daniela | E32: Gadget A | F32: Standard | I32: =G32*H32 | J32: FALSE
A33: ORD-1113 | B33: 45587 | C33: West | D33: Eduardo | E33: Gadget B | F33: Discount | G33: 8 | H33: 32.5 | I33: =G33*H33 | J33: FALSE
A34: ORD-1134 | B34: 45335 | C34: South | D34: Eduardo | E34: Widget A | F34: Premium | G34: 2 | I34: =G34*H34 | J34: TRUE
A35: ORD-1164 | B35: 45371 | C35: West | D35: Daniela | E35: Widget B | F35: Standard | G35: 4 | I35: =G35*H35 | J35: TRUE
A36: ORD-1083 | B36: 45404 | C36: North | D36: Daniela | E36: Widget B | F36: Premium | I36: =G36*H36 | J36: TRUE
A37: ORD-1126 | B37: 45458 | C37: East | D37: Ana | E37: Widget B | F37: Discount | H37: 64.34 | I37: =G37*H37 | J37: FALSE
A38: ORD-1133 | B38: 45434 | C38: East | D38: Ana | E38: Widget A | F38: Standard | I38: =G38*H38 | J38: TRUE
A39: ORD-1062 | B39: 45398 | C39: West | D39: Eduardo | E39: Gadget B | F39: Discount | H39: 91.07 | I39: =G39*H39 | J39: FALSE
A40: ORD-1088 | B40: 45312 | C40: North | D40: Ana | E40: Gadget A | F40: Standard | H40: 73.78 | I40: =G40*H40 | J40: FALSE
A41: ORD-1048 | B41: 45413 | C41: North | D41: Daniela | E41: Widget B | F41: Discount | I41: =G41*H41 | J41: FALSE
A42: ORD-1170 | B42: 45296 | C42: East | D42: Bruno | E42: Gadget A | F42: Discount | H42: 116.16 | I42: =G42*H42
A43: ORD-1183 | B43: 45434 | C43: South | D43: Bruno | E43: Gadget B | F43: Premium | G43: 15 | H43: 24.23 | I43: =G43*H43 | J43: FALSE
A44: ORD-1151 | B44: 45334 | C44: North | D44: Ana | E44: Gadget B | F44: Standard | G44: 11 | I44: =G44*H44 | J44: FALSE
A45: ORD-1021 | B45: 45471 | C45: East | D45: Eduardo | E45: Widget C | F45: Premium | G45: 9 | H45: 91.32 | I45: =G45*H45 | J45: FALSE
A46: ORD-1017 | B46: 45444 | C46: South | D46: Daniela | E46: Widget B | F46: Standard | I46: =G46*H46 | J46: TRUE
A47: ORD-1116 | B47: 45345 | C47: West | D47: Ana | E47: Gadget A | F47: Premium | G47: 8 | H47: 112.13 | I47: =G47*H47
A48: ORD-1072 | B48: 45604 | C48: North | D48: Eduardo | E48: Widget C | F48: Standard | H48: 116.38 | I48: =G48*H48 | J48: FALSE
A49: ORD-1146 | B49: 45307 | C49: South | D49: Daniela | E49: Widget B | F49: Standard | I49: =G49*H49 | J49: FALSE
A50: ORD-1061 | B50: 45577 | C50: North | D50: Carlos | E50: Widget C | F50: Standard | G50: 13 | I50: =G50*H50
A51: ORD-1141 | B51: 45483 | C51: East | D51: Carlos | E51: Widget B | F51: Standard | H51: 100.07 | I51: =G51*H51
A52: ORD-1021 | B52: 45530 | C52: East | D52: Ana | E52: Widget B | F52: Discount | I52: =G52*H52 | J52: FALSE
A53: ORD-1094 | B53: 45415 | C53: North | D53: Ana | E53: Widget B | F53: Standard | H53: 95.76 | I53: =G53*H53
A54: ORD-1151 | B54: 45433 | C54: Central | D54: Bruno | E54: Widget B | F54: Discount | G54: 9 | H54: 34.87 | I54: =G54*H54 | J54: TRUE
A55: ORD-1134 | B55: 45539 | C55: North | D55: Eduardo | E55: Widget C | F55: Discount | I55: =G55*H55
A56: ORD-1101 | B56: 45402 | C56: South | D56: Eduardo | E56: Widget A | F56: Premium | I56: =G56*H56
A57: ORD-1061 | B57: 45522 | C57: North | D57: Carlos | E57: Gadget A | F57: Premium | H57: 24.4 | I57: =G57*H57
A58: ORD-1132 | B58: 45362 | C58: South | D58: Daniela | E58: Widget A | F58: Standard | H58: 90.08 | I58: =G58*H58
A59: ORD-1099 | B59: 45545 | C59: Central | D59: Bruno | E59: Widget A | F59: Premium | I59: =G59*H59 | J59: TRUE
A60: ORD-1094 | B60: 45626 | C60: Central | D60: Fernanda | E60: Gadget A | F60: Standard | H60: 14.25 | I60: =G60*H60 | J60: FALSE
A61: ORD-1066 | B61: 45656 | C61: Central | D61: Bruno | E61: Gadget A | F61: Standard | H61: 115.73 | I61: =G61*H61 | J61: FALSE
A62: ORD-1110 | B62: 45362 | C62: North | D62: Bruno | E62: Gadget A | F62: Premium | G62: 3 | I62: =G62*H62 | J62: FALSE
A63: ORD-1144 | B63: 45370 | C63: East | D63: Daniela | E63: Gadget A | F63: Discount | G63: 6 | I63: =G63*H63
A64: ORD-1104 | B64: 45402 | C64: West | D64: Bruno | E64: Widget C | F64: Standard | I64: =G64*H64 | J64: FALSE
A65: ORD-1141 | B65: 45356 | C65: Central | D65: Eduardo | E65: Gadget A | F65: Standard | I65: =G65*H65 | J65: TRUE
A66: ORD-1161 | B66: 45542 | C66: South | D66: Carlos | E66: Gadget A | F66: Standard | H66: 68.39 | I66: =G66*H66 | J66: FALSE
A67: ORD-1168 | B67: 45390 | C67: West | D67: Bruno | E67: Gadget B | F67: Standard | H67: 23.42 | I67: =G67*H67 | J67: FALSE
A68: ORD-1198 | B68: 45369 | C68: South | D68: Fernanda | E68: Widget C | F68: Discount | H68: 98.1 | I68: =G68*H68 | J68: FALSE
A69: ORD-1096 | B69: 45651 | C69: West | D69: Ana | E69: Widget A | F69: Standard | I69: =G69*H69 | J69: TRUE
A70: ORD-1023 | B70: 45440 | C70: Central | D70: Daniela | E70: Widget A | F70: Premium | G70: 1 | H70: 51.86 | I70: =G70*H70 | J70: TRUE
A71: ORD-1153 | B71: 45406 | C71: West | D71: Fernanda | E71: Widget A | F71: Premium | G71: 5 | I71: =G71*H71 | J71: FALSE
A72: ORD-1112 | B72: 45600 | C72: North | D72: Ana | E72: Gadget B | F72: Discount | H72: 86.2 | I72: =G72*H72 | J72: FALSE
A73: ORD-1152 | B73: 45610 | C73: South | D73: Ana | E73: Widget A | F73: Premium | I73: =G73*H73 | J73: FALSE
A74: ORD-1144 | B74: 45581 | C74: Central | D74: Fernanda | E74: Gadget A | F74: Standard | I74: =G74*H74 | J74: TRUE
A75: ORD-1016 | B75: 45341 | C75: North | D75: Bruno | E75: Gadget A | F75: Discount | H75: 59.24 | I75: =G75*H75 | J75: FALSE
A76: ORD-1184 | B76: 45532 | C76: South | D76: Daniela | E76: Widget A | F76: Discount | I76: =G76*H76 | J76: TRUE
A77: ORD-1054 | B77: 45386 | C77: Central | D77: Bruno | E77: Widget B | F77: Standard | G77: 4 | H77: 111.18 | I77: =G77*H77 | J77: TRUE
A78: ORD-1169 | B78: 45437 | C78: North | D78: Fernanda | E78: Widget C | F78: Discount | H78: 71.27 | I78: =G78*H78 | J78: TRUE
A79: ORD-1166 | B79: 45383 | C79: West | D79: Ana | E79: Gadget A | F79: Discount | I79: =G79*H79
A80: ORD-1195 | B80: 45328 | C80: East | D80: Daniela | E80: Widget C | F80: Discount | H80: 110.76 | I80: =G80*H80
A81: ORD-1006 | B81: 45588 | C81: North | D81: Eduardo | E81: Widget A | F81: Standard | H81: 7.94 | I81: =G81*H81
A82: ORD-1057 | B82: 45295 | C82: Central | D82: Ana | E82: Widget A | F82: Discount | H82: 73.59 | I82: =G82*H82
A83: ORD-1190 | B83: 45318 | C83: Central | D83: Ana | E83: Widget C | F83: Standard | G83: 15 | I83: =G83*H83 | J83: TRUE
A84: ORD-1155 | B84: 45356 | C84: South | D84: Fernanda | E84: Gadget A | F84: Discount | I84: =G84*H84
A85: ORD-1117 | B85: 45462 | C85: North | D85: Ana | E85: Widget C | F85: Premium | H85: 55.1 | I85: =G85*H85 | J85: FALSE
A86: ORD-1172 | B86: 45601 | C86: East | D86: Bruno | E86: Gadget B | F86: Premium | G86: 15 | I86: =G86*H86 | J86: FALSE
A87: ORD-1187 | B87: 45404 | C87: North | D87: Bruno | E87: Widget B | F87: Standard | G87: 7 | I87: =G87*H87 | J87: TRUE
A88: ORD-1057 | B88: 45620 | C88: North | D88: Eduardo | E88: Widget A | F88: Premium | G88: 4 | H88: 109.14 | I88: =G88*H88
A89: ORD-1033 | B89: 45364 | C89: South | D89: Eduardo | E89: Gadget B | F89: Discount | H89: 119.21 | I89: =G89*H89 | J89: FALSE
A90: ORD-1173 | B90: 45503 | C90: South | D90: Daniela | E90: Widget A | F90: Standard | H90: 70.87 | I90: =G90*H90 | J90: FALSE
A91: ORD-1079 | B91: 45363 | C91: West | D91: Carlos | E91: Gadget A | F91: Standard | G91: 9 | H91: 50.97 | I91: =G91*H91 | J91: FALSE
A92: ORD-1181 | B92: 45491 | C92: East | D92: Bruno | E92: Widget A | F92: Discount | G92: 11 | I92: =G92*H92
A93: ORD-1165 | B93: 45609 | C93: South | D93: Eduardo | E93: Widget A | F93: Discount | G93: 9 | H93: 110.37 | I93: =G93*H93
A94: ORD-1000 | B94: 45538 | C94: South | D94: Daniela | E94: Gadget A | F94: Premium | I94: =G94*H94
A95: ORD-1040 | B95: 45340 | C95: North | D95: Eduardo | E95: Gadget B | F95: Standard | I95: =G95*H95 | J95: FALSE
A96: ORD-1098 | B96: 45377 | C96: South | D96: Carlos | E96: Widget C | F96: Standard | H96: 102.68 | I96: =G96*H96 | J96: FALSE
A97: ORD-1162 | B97: 45571 | C97: North | D97: Bruno | E97: Gadget A | F97: Standard | G97: 1 | H97: 65.47 | I97: =G97*H97 | J97: FALSE
A98: ORD-1134 | B98: 45610 | C98: North | D98: Carlos | E98: Widget A | F98: Premium | G98: 13 | I98: =G98*H98 | J98: TRUE
A99: ORD-1190 | B99: 45297 | C99: East | D99: Fernanda | E99: Widget B | F99: Premium | I99: =G99*H99 | J99: TRUE
A100: ORD-1024 | B100: 45514 | C100: West | D100: Ana | E100: Gadget A | F100: Standard | G100: 3 | H100: 103.84 | I100: =G100*H100 | J100: TRUE
...

Sheet Table_11
A1: OrderID | B1: Date | C1: Region | D1: Seller | E1: Product | F1: Category | G1: Units | H1: UnitPrice | I1: Revenue | J1: Approved
A2: ORD-1006 | B2: 45323 | C2: South | D2: Daniela | E2: Widget C | F2: Discount | G2: 1 | H2: 58.15 | I2: =G2*H2 | J2: FALSE
A3: ORD-1014 | B3: 45431 | C3: West | D3: Bruno | E3: Gadget B | F3: Premium | I3: =G3*H3 | J3: TRUE
A4: ORD-1025 | B4: 45546 | C4: Central | D4: Fernanda | E4: Widget B | F4: Standard | H4: 24.05 | I4: =G4*H4
A5: ORD-1073 | B5: 45577 | C5: East | D5: Bruno | E5: Gadget A | F5: Discount | G5: 2 | H5: 50.79 | I5: =G5*H5 | J5: FALSE
A6: ORD-1054 | B6: 45507 | C6: East | D6: Ana | E6: Widget B | F6: Standard | G6: 5 | I6: =G6*H6 | J6: FALSE
A7: ORD-1141 | B7: 45427 | C7: East | D7: Eduardo | E7: Widget B | F7: Discount | H7: 94.34 | I7: =G7*H7 | J7: FALSE
A8: ORD-1113 | B8: 45589 | C8: West | D8: Bruno | E8: Widget C | F8: Standard | H8: 19.66 | I8: =G8*H8 | J8: TRUE
A9: ORD-1178 | B9: 45334 | C9: South | D9: Bruno | E9: Gadget B | F9: Premium | H9: 89.4 | I9: =G9*H9 | J9: TRUE
A10: ORD-1178 | B10: 45451 | C10: West | D10: Carlos | E10: Gadget A | F10: Discount | I10: =G10*H10 | J10: FALSE
A11: ORD-1073 | B11: 45372 | C11: South | D11: Daniela | E11: Widget C | F11: Standard | I11: =G11*H11 | J11: TRUE
A12: ORD-1091 | B12: 45521 | C12: South | D12: Fernanda | E12: Gadget A | F12: Discount | H12: 39.61 | I12: =G12*H12 | J12: TRUE
A13: ORD-1153 | B13: 45387 | C13: East | D13: Carlos | E13: Gadget A | F13: Standard | G13: 10 | H13: 60.36 | I13: =G13*H13 | J13: FALSE
A14: ORD-1188 | B14: 45476 | C14: West | D14: Carlos | E14: Gadget A | F14: Standard | I14: =G14*H14 | J14: FALSE
A15: ORD-1108 | B15: 45413 | C15: Central | D15: Ana | E15: Gadget A | F15: Premium | H15: 86.8 | I15: =G15*H15 | J15: FALSE
A16: ORD-1154 | B16: 45552 | C16: Central | D16: Daniela | E16: Gadget A | F16: Premium | I16: =G16*H16 | J16: TRUE
A17: ORD-1067 | B17: 45463 | C17: East | D17: Eduardo | E17: Gadget B | F17: Standard | H17: 109.1 | I17: =G17*H17
A18: ORD-1067 | B18: 45450 | C18: South | D18: Ana | E18: Gadget A | F18: Standard | H18: 69.95 | I18: =G18*H18 | J18: FALSE
A19: ORD-1011 | B19: 45606 | C19: South | D19: Bruno | E19: Widget B | F19: Premium | I19: =G19*H19 | J19: FALSE
A20: ORD-1166 | B20: 45431 | C20: East | D20: Bruno | E20: Gadget A | F20: Standard | G20: 12 | H20: 48.18 | I20: =G20*H20 | J20: FALSE
A21: ORD-1136 | B21: 45434 | C21: South | D21: Daniela | E21: Widget B | F21: Discount | I21: =G21*H21 | J21: FALSE
A22: ORD-1121 | B22: 45620 | C22: North | D22: Bruno | E22: Gadget A | F22: Standard | G22: 6 | H22: 109.85 | I22: =G22*H22 | J22: TRUE
A23: ORD-1037 | B23: 45547 | C23: South | D23: Eduardo | E23: Widget C | F23: Discount | G23: 12 | H23: 24.13 | I23: =G23*H23 | J23: FALSE
A24: ORD-1159 | B24: 45439 | C24: North | D24: Daniela | E24: Gadget B | F24: Premium | G24: 1 | H24: 107.48 | I24: =G24*H24
A25: ORD-1148 | B25: 45514 | C25: South | D25: Fernanda | E25: Gadget B | F25: Standard | I25: =G25*H25
A26: ORD-1118 | B26: 45621 | C26: South | D26: Eduardo | E26: Gadget A | F26: Premium | G26: 4 | H26: 60.6 | I26: =G26*H26 | J26: TRUE
A27: ORD-1046 | B27: 45437 | C27: Central | D27: Bruno | E27: Widget B | F27: Premium | H27: 72.29 | I27: =G27*H27 | J27: FALSE
A28: ORD-1005 | B28: 45318 | C28: East | D28: Carlos | E28: Widget A | F28: Standard | G28: 3 | I28: =G28*H28 | J28: FALSE
A29: ORD-1036 | B29: 45328 | C29: South | D29: Ana | E29: Gadget B | F29: Discount | H29: 73.51 | I29: =G29*H29 | J29: TRUE
A30: ORD-1095 | B30: 45604 | C30: North | D30: Carlos | E30: Widget B | F30: Premium | H30: 52.8 | I30: =G30*H30
A31: ORD-1143 | B31: 45378 | C31: South | D31: Ana | E31: Gadget A | F31: Premium | H31: 60.05 | I31: =G31*H31 | J31: FALSE
A32: ORD-1072 | B32: 45346 | C32: Central | D32: Bruno | E32: Widget C | F32: Standard | G32: 12 | H32: 11.6 | I32: =G32*H32 | J32: TRUE
A33: ORD-1044 | B33: 45519 | C33: Central | D33: Fernanda | E33: Widget A | F33: Standard | G33: 1 | H33: 99 | I33: =G33*H33
A34: ORD-1133 | B34: 45571 | C34: East | D34: Ana | E34: Widget C | F34: Standard | G34: 7 | H34: 96.1 | I34: =G34*H34 | J34: TRUE
A35: ORD-1020 | B35: 45425 | C35: South | D35: Daniela | E35: Widget C | F35: Discount | G35: 7 | I35: =G35*H35
A36: ORD-1083 | B36: 45409 | C36: South | D36: Fernanda | E36: Gadget A | F36: Premium | G36: 9 | H36: 101.69 | I36: =G36*H36
A37: ORD-1031 | B37: 45465 | C37: East | D37: Daniela | E37: Widget B | F37: Discount | G37: 3 | H37: 18.98 | I37: =G37*H37 | J37: TRUE
A38: ORD-1048 | B38: 45469 | C38: Central | D38: Fernanda | E38: Gadget A | F38: Discount | I38: =G38*H38
A39: ORD-1119 | B39: 45605 | C39: West | D39: Daniela | E39: Widget B | F39: Discount | G39: 9 | I39: =G39*H39 | J39: TRUE
A40: ORD-1026 | B40: 45534 | C40: Central | D40: Ana | E40: Widget B | F40: Standard | G40: 14 | H40: 72.24 | I40: =G40*H40
A41: ORD-1041 | B41: 45298 | C41: South | D41: Ana | E41: Widget C | F41: Standard | H41: 47.64 | I41: =G41*H41 | J41: TRUE
A42: ORD-1123 | B42: 45343 | C42: West | D42: Fernanda | E42: Widget C | F42: Premium | I42: =G42*H42
A43: ORD-1172 | B43: 45641 | C43: North | D43: Eduardo | E43: Widget C | F43: Discount | H43: 26.29 | I43: =G43*H43 | J43: FALSE
A44: ORD-1102 | B44: 45501 | C44: West | D44: Ana | E44: Gadget A | F44: Premium | G44: 7 | H44: 90.63 | I44: =G44*H44
A45: ORD-1141 | B45: 45608 | C45: South | D45: Fernanda | E45: Gadget B | F45: Premium | G45: 5 | I45: =G45*H45
A46: ORD-1131 | B46: 45566 | C46: Central | D46: Bruno | E46: Widget B | F46: Discount | G46: 4 | H46: 43.88 | I46: =G46*H46 | J46: FALSE
A47: ORD-1171 | B47: 45491 | C47: East | D47: Carlos | E47: Gadget B | F47: Standard | G47: 11 | I47: =G47*H47
A48: ORD-1044 | B48: 45458 | C48: South | D48: Fernanda | E48: Gadget B | F48: Standard | H48: 64.81 | I48: =G48*H48 | J48: TRUE
A49: ORD-1176 | B49: 45446 | C49: South | D49: Eduardo | E49: Gadget A | F49: Discount | I49: =G49*H49 | J49: TRUE
A50: ORD-1187 | B50: 45613 | C50: East | D50: Carlos | E50: Gadget B | F50: Premium | I50: =G50*H50
A51: ORD-1088 | B51: 45546 | C51: Central | D51: Eduardo | E51: Widget C | F51: Standard | I51: =G51*H51 | J51: TRUE
A52: ORD-1196 | B52: 45605 | C52: East | D52: Ana | E52: Gadget A | F52: Premium | H52: 42.04 | I52: =G52*H52
A53: ORD-1100 | B53: 45482 | C53: South | D53: Ana | E53: Gadget B | F53: Standard | H53: 17.16 | I53: =G53*H53 | J53: TRUE
A54: ORD-1021 | B54: 45573 | C54: Central | D54: Fernanda | E54: Widget A | F54: Standard | H54: 89.3 | I54: =G54*H54 | J54: TRUE
A55: ORD-1150 | B55: 45648 | C55: South | D55: Carlos | E55: Gadget B | F55: Premium | H55: 14.86 | I55: =G55*H55 | J55: TRUE
A56: ORD-1089 | B56: 45384 | C56: South | D56: Ana | E56: Widget C | F56: Discount | H56: 77.58 | I56: =G56*H56 | J56: TRUE
A57: ORD-1199 | B57: 45510 | C57: South | D57: Fernanda | E57: Widget A | F57: Discount | H57: 60.92 | I57: =G57*H57
A58: ORD-1081 | B58: 45374 | C58: Central | D58: Bruno | E58: Gadget A | F58: Standard | I58: =G58*H58
A59: ORD-1041 | B59: 45304 | C59: West | D59: Bruno | E59: Gadget B | F59: Discount | G59: 11 | I59: =G59*H59
A60: ORD-1008 | B60: 45542 | C60: West | D60: Fernanda | E60: Widget A | F60: Premium | I60: =G60*H60 | J60: FALSE
A61: ORD-1143 | B61: 45292 | C61: West | D61: Eduardo | E61: Gadget A | F61: Discount | I61: =G61*H61
A62: ORD-1104 | B62: 45597 | C62: North | D62: Daniela | E62: Widget C | F62: Discount | H62: 42.47 | I62: =G62*H62 | J62: TRUE
A63: ORD-1016 | B63: 45578 | C63: North | D63: Ana | E63: Widget C | F63: Premium | H63: 114.46 | I63: =G63*H63
A64: ORD-1113 | B64: 45526 | C64: North | D64: Daniela | E64: Widget C | F64: Premium | I64: =G64*H64 | J64: TRUE
A65: ORD-1009 | B65: 45350 | C65: South | D65: Daniela | E65: Widget B | F65: Standard | G65: 15 | H65: 16.84 | I65: =G65*H65 | J65: TRUE
A66: ORD-1042 | B66: 45645 | C66: West | D66: Daniela | E66: Widget A | F66: Premium | G66: 15 | I66: =G66*H66 | J66: FALSE
A67: ORD-1036 | B67: 45571 | C67: South | D67: Fernanda | E67: Widget B | F67: Discount | H67: 32.88 | I67: =G67*H67
A68: ORD-1059 | B68: 45313 | C68: East | D68: Ana | E68: Gadget B | F68: Standard | H68: 66.78 | I68: =G68*H68 | J68: FALSE
A69: ORD-1048 | B69: 45506 | C69: North | D69: Ana | E69: Widget C | F69: Standard | G69: 11 | H69: 31.87 | I69: =G69*H69
A70: ORD-1032 | B70: 45525 | C70: North | D70: Daniela | E70: Gadget B | F70: Standard | G70: 2 | H70: 24.34 | I70: =G70*H70 | J70: FALSE
A71: ORD-1164 | B71: 45419 | C71: West | D71: Bruno | E71: Gadget A | F71: Discount | H71: 37.29 | I71: =G71*H71 | J71: TRUE
A72: ORD-1075 | B72: 45333 | C72: Central | D72: Eduardo | E72: Widget A | F72: Discount | I72: =G72*H72 | J72: FALSE
A73: ORD-1063 | B73: 45530 | C73: Central | D73: Carlos | E73: Widget A | F73: Standard | H73: 7.73 | I73: =G73*H73
A74: ORD-1111 | B74: 45431 | C74: Central | D74: Eduardo | E74: Widget C | F74: Premium | I74: =G74*H74 | J74: FALSE
A75: ORD-1097 | B75: 45296 | C75: East | D75: Ana | E75: Widget B | F75: Discount | G75: 4 | I75: =G75*H75 | J75: TRUE
A76: ORD-1036 | B76: 45435 | C76: East | D76: Eduardo | E76: Widget B | F76: Discount | G76: 12 | H76: 39.52 | I76: =G76*H76 | J76: TRUE
A77: ORD-1032 | B77: 45462 | C77: East | D77: Bruno | E77: Widget B | F77: Premium | G77: 2 | I77: =G77*H77 | J77: FALSE
A78: ORD-1002 | B78: 45456 | C78: Central | D78: Ana | E78: Gadget B | F78: Premium | G78: 13 | I78: =G78*H78 | J78: FALSE
A79: ORD-1165 | B79: 45631 | C79: South | D79: Carlos | E79: Widget C | F79: Premium | G79: 7 | H79: 87.22 | I79: =G79*H79 | J79: FALSE
A80: ORD-1166 | B80: 45521 | C80: Central | D80: Eduardo | E80: Gadget B | F80: Standard | H80: 43.97 | I80: =G80*H80 | J80: FALSE
A81: ORD-1191 | B81: 45513 | C81: Central | D81: Daniela | E81: Gadget A | F81: Standard | G81: 15 | H81: 26.77 | I81: =G81*H81 | J81: FALSE
A82: ORD-1088 | B82: 45551 | C82: Central | D82: Daniela | E82: Widget A | F82: Standard | G82: 4 | H82: 88.87 | I82: =G82*H82 | J82: TRUE
A83: ORD-1168 | B83: 45341 | C83: North | D83: Bruno | E83: Gadget A | F83: Premium | G83: 8 | H83: 30.85 | I83: =G83*H83 | J83: TRUE
A84: ORD-1091 | B84: 45539 | C84: Central | D84: Eduardo | E84: Widget B | F84: Premium | G84: 9 | H84: 10.9 | I84: =G84*H84 | J84: FALSE
A85: ORD-1011 | B85: 45629 | C85: East | D85: Eduardo | E85: Gadget B | F85: Discount | G85: 5 | H85: 14.83 | I85: =G85*H85 | J85: FALSE
A86: ORD-1035 | B86: 45377 | C86: Central | D86: Bruno | E86: Gadget B | F86: Premium | H86: 24.04 | I86: =G86*H86 | J86: TRUE
A87: ORD-1094 | B87: 45586 | C87: North | D87: Eduardo | E87: Widget A | F87: Discount | G87: 6 | H87: 111.67 | I87: =G87*H87 | J87: TRUE
A88: ORD-1066 | B88: 45626 | C88: Central | D88: Bruno | E88: Widget A | F88: Standard | H88: 86.9 | I88: =G88*H88 | J88: TRUE
A89: ORD-1157 | B89: 45399 | C89: West | D89: Ana | E89: Widget C | F89: Standard | G89: 8 | H89: 16.74 | I89: =G89*H89
A90: ORD-1063 | B90: 45620 | C90: West | D90: Carlos | E90: Widget C | F90: Discount | I90: =G90*H90 | J90: FALSE
A91: ORD-1186 | B91: 45337 | C91: Central | D91: Ana | E91: Widget C | F91: Discount | H91: 39.22 | I91: =G91*H91
A92: ORD-1123 | B92: 45469 | C92: West | D92: Daniela | E92: Widget A | F92: Standard | H92: 102.84 | I92: =G92*H92 | J92: TRUE
A93: ORD-1039 | B93: 45590 | C93: West | D93: Carlos | E93: Widget C | F93: Standard | H93: 23.76 | I93: =G93*H93 | J93: TRUE
A94: ORD-1178 | B94: 45502 | C94: Central | D94: Fernanda | E94: Widget B | F94: Standard | G94: 5 | H94: 89.75 | I94: =G94*H94
A95: ORD-1090 | B95: 45577 | C95: East | D95: Bruno | E95: Widget C | F95: Standard | G95: 4 | H95: 82.21 | I95: =G95*H95
A96: ORD-1165 | B96: 45333 | C96: South | D96: Bruno | E96: Widget C | F96: Standard | H96: 28.03 | I96: =G96*H96 | J96: FALSE
A97: ORD-1167 | B97: 45478 | C97: West | D97: Carlos | E97: Gadget A | F97: Premium | H97: 54.79 | I97: =G97*H97 | J97: TRUE
A98: ORD-1117 | B98: 45410 | C98: South | D98: Daniela | E98: Widget A | F98: Premium | G98: 5 | I98: =G98*H98
A99: ORD-1185 | B99: 45452 | C99: North | D99: Fernanda | E99: Widget C | F99: Premium | H99: 118.16 | I99: =G99*H99 | J99: TRUE
A100: ORD-1032 | B100: 45523 | C100: North | D100: Ana | E100: Widget B | F100: Discount | I100: =G100*H100 | J100: FALSE
...

Sheet Table_12
A1: OrderID | B1: Date | C1: Region | D1: Seller | E1: Product | F1: Category | G1: Units | H1: UnitPrice | I1: Revenue | J1: Approved
A2: ORD-1126 | B2: 45562 | C2: Central | D2: Fernanda | E2: Widget A | F2: Premium | I2: =G2*H2 | J2: FALSE
A3: ORD-1048 | B3: 45553 | C3: North | D3: Ana | E3: Widget A | F3: Standard | G3: 10 | I3: =G3*H3 | J3: TRUE
A4: ORD-1058 | B4: 45378 | C4: East | D4: Carlos | E4: Gadget A | F4: Discount | H4: 67.48 | I4: =G4*H4 | J4: FALSE
A5: ORD-1100 | B5: 45410 | C5: Central | D5: Eduardo | E5: Gadget B | F5: Premium | G5: 13 | I5: =G5*H5 | J5: TRUE
A6: ORD-1074 | B6: 45616 | C6: East | D6: Fernanda | E6: Gadget B | F6: Premium | H6: 114.63 | I6: =G6*H6
A7: ORD-1059 | B7: 45463 | C7: West | D7: Carlos | E7: Widget C | F7: Discount | I7: =G7*H7 | J7: FALSE
A8: ORD-1134 | B8: 45537 | C8: North | D8: Daniela | E8: Widget B | F8: Premium | G8: 14 | I8: =G8*H8
A9: ORD-1195 | B9: 45634 | C9: Central | D9: Bruno | E9: Gadget A | F9: Discount | G9: 8 | H9: 46.24 | I9: =G9*H9 | J9: TRUE
A10: ORD-1144 | B10: 45372 | C10: East | D10: Ana | E10: Widget B | F10: Standard | I10: =G10*H10 | J10: TRUE
A11: ORD-1161 | B11: 45478 | C11: Central | D11: Carlos | E11: Widget C | F11: Standard | H11: 111.58 | I11: =G11*H11 | J11: TRUE
A12: ORD-1031 | B12: 45471 | C12: South | D12: Daniela | E12: Widget C | F12: Premium | G12: 14 | H12: 29.66 | I12: =G12*H12
A13: ORD-1084 | B13: 45332 | C13: Central | D13: Daniela | E13: Gadget A | F13: Premium | H13: 39.26 | I13: =G13*H13 | J13: FALSE
A14: ORD-1155 | B14: 45535 | C14: North | D14: Ana | E14: Gadget B | F14: Premium | I14: =G14*H14 | J14: TRUE
A15: ORD-1163 | B15: 45480 | C15: West | D15: Carlos | E15: Gadget A | F15: Standard | H15: 48.43 | I15: =G15*H15
A16: ORD-1044 | B16: 45383 | C16: South | D16: Eduardo | E16: Widget C | F16: Discount | H16: 109.71 | I16: =G16*H16 | J16: FALSE
A17: ORD-1030 | B17: 45585 | C17: South | D17: Daniela | E17: Gadget A | F17: Standard | G17: 4 | H17: 119.85 | I17: =G17*H17
A18: ORD-1009 | B18: 45316 | C18: West | D18: Eduardo | E18: Gadget A | F18: Discount | I18: =G18*H18
A19: ORD-1053 | B19: 45434 | C19: West | D19: Carlos | E19: Widget A | F19: Premium | I19: =G19*H19 | J19: TRUE
A20: ORD-1056 | B20: 45619 | C20: North | D20: Eduardo | E20: Widget B | F20: Premium | H20: 83.55 | I20: =G20*H20 | J20: TRUE
A21: ORD-1127 | B21: 45378 | C21: North | D21: Carlos | E21: Widget A | F21: Discount | H21: 5.02 | I21: =G21*H21 | J21: TRUE
A22: ORD-1074 | B22: 45538 | C22: South | D22: Eduardo | E22: Gadget B | F22: Standard | I22: =G22*H22 | J22: TRUE
A23: ORD-1187 | B23: 45492 | C23: Central | D23: Fernanda | E23: Widget C | F23: Standard | G23: 4 | H23: 115.08 | I23: =G23*H23 | J23: TRUE
A24: ORD-1167 | B24: 45614 | C24: Central | D24: Bruno | E24: Gadget A | F24: Premium | H24: 55.23 | I24: =G24*H24
A25: ORD-1073 | B25: 45528 | C25: West | D25: Ana | E25: Widget C | F25: Standard | I25: =G25*H25 | J25: TRUE
A26: ORD-1048 | B26: 45625 | C26: West | D26: Fernanda | E26: Widget B | F26: Discount | I26: =G26*H26 | J26: FALSE
A27: ORD-1079 | B27: 45484 | C27: Central | D27: Daniela | E27: Widget A | F27: Standard | G27: 4 | I27: =G27*H27
A28: ORD-1101 | B28: 45601 | C28: Central | D28: Daniela | E28: Widget A | F28: Premium | G28: 13 | I28: =G28*H28 | J28: TRUE
A29: ORD-1135 | B29: 45528 | C29: East | D29: Eduardo | E29: Widget A | F29: Standard | H29: 45.64 | I29: =G29*H29
A30: ORD-1059 | B30: 45369 | C30: East | D30: Bruno | E30: Widget B | F30: Standard | G30: 6 | H30: 79.47 | I30: =G30*H30 | J30: TRUE
A31: ORD-1120 | B31: 45651 | C31: Central | D31: Daniela | E31: Gadget A | F31: Standard | I31: =G31*H31 | J31: FALSE
A32: ORD-1191 | B32: 45462 | C32: South | D32: Fernanda | E32: Widget B | F32: Discount | G32: 11 | I32: =G32*H32 | J32: TRUE
A33: ORD-1011 | B33: 45450 | C33: South | D33: Fernanda | E33: Widget B | F33: Discount | G33: 6 | I33: =G33*H33 | J33: TRUE
A34: ORD-1029 | B34: 45492 | C34: Central | D34: Eduardo | E34: Widget B | F34: Premium | G34: 6 | H34: 65.94 | I34: =G34*H34 | J34: FALSE
A35: ORD-1083 | B35: 45400 | C35: East | D35: Eduardo | E35: Widget B | F35: Standard | I35: =G35*H35 | J35: FALSE
A36: ORD-1058 | B36: 45345 | C36: East | D36: Fernanda | E36: Widget B | F36: Premium | G36: 7 | H36: 36.08 | I36: =G36*H36 | J36: FALSE
A37: ORD-1079 | B37: 45553 | C37: Central | D37: Daniela | E37: Gadget A | F37: Premium | I37: =G37*H37 | J37: FALSE
A38: ORD-1049 | B38: 45484 | C38: West | D38: Ana | E38: Gadget B | F38: Premium | G38: 6 | I38: =G38*H38
A39: ORD-1146 | B39: 45537 | C39: West | D39: Eduardo | E39: Widget B | F39: Standard | I39: =G39*H39 | J39: TRUE
A40: ORD-1134 | B40: 45508 | C40: West | D40: Fernanda | E40: Widget B | F40: Premium | G40: 5 | I40: =G40*H40
A41: ORD-1171 | B41: 45313 | C41: South | D41: Carlos | E41: Gadget A | F41: Premium | G41: 13 | H41: 93.23 | I41: =G41*H41
A42: ORD-1195 | B42: 45581 | C42: South | D42: Fernanda | E42: Widget C | F42: Premium | G42: 1 | I42: =G42*H42
A43: ORD-1131 | B43: 45327 | C43: North | D43: Fernanda | E43: Widget C | F43: Premium | G43: 7 | H43: 27.32 | I43: =G43*H43
A44: ORD-1008 | B44: 45461 | C44: West | D44: Daniela | E44: Widget B | F44: Premium | G44: 15 | H44: 113.51 | I44: =G44*H44 | J44: TRUE
A45: ORD-1005 | B45: 45605 | C45: Central | D45: Daniela | E45: Widget C | F45: Discount | I45: =G45*H45
A46: ORD-1121 | B46: 45442 | C46: West | D46: Bruno | E46: Widget B | F46: Premium | I46: =G46*H46 | J46: FALSE
A47: ORD-1136 | B47: 45655 | C47: East | D47: Eduardo | E47: Widget A | F47: Discount | G47: 7 | H47: 105.85 | I47: =G47*H47
A48: ORD-1043 | B48: 45345 | C48: East | D48: Ana | E48: Widget A | F48: Discount | G48: 9 | I48: =G48*H48
A49: ORD-1068 | B49: 45502 | C49: North | D49: Fernanda | E49: Widget C | F49: Discount | G49: 1 | I49: =G49*H49
A50: ORD-1176 | B50: 45309 | C50: West | D50: Carlos | E50: Gadget A | F50: Premium | G50: 12 | H50: 100.28 | I50: =G50*H50
A51: ORD-1024 | B51: 45402 | C51: West | D51: Daniela | E51: Widget A | F51: Discount | H51: 12.34 | I51: =G51*H51 | J51: TRUE
A52: ORD-1036 | B52: 45597 | C52: North | D52: Carlos | E52: Gadget A | F52: Standard | G52: 3 | I52: =G52*H52
A53: ORD-1111 | B53: 45461 | C53: South | D53: Fernanda | E53: Widget C | F53: Premium | G53: 5 | I53: =G53*H53 | J53: FALSE
A54: ORD-1052 | B54: 45418 | C54: West | D54: Carlos | E54: Gadget B | F54: Standard | G54: 10 | H54: 68.55 | I54: =G54*H54
A55: ORD-1005 | B55: 45549 | C55: East | D55: Ana | E55: Widget C | F55: Standard | G55: 14 | I55: =G55*H55 | J55: FALSE
A56: ORD-1090 | B56: 45306 | C56: Central | D56: Daniela | E56: Widget C | F56: Standard | G56: 1 | I56: =G56*H56
A57: ORD-1076 | B57: 45645 | C57: North | D57: Ana | E57: Widget A | F57: Premium | G57: 1 | I57: =G57*H57 | J57: TRUE
A58: ORD-1143 | B58: 45567 | C58: South | D58: Bruno | E58: Widget C | F58: Discount | G58: 7 | H58: 42.51 | I58: =G58*H58 | J58: TRUE
A59: ORD-1043 | B59: 45580 | C59: East | D59: Bruno | E59: Widget B | F59: Premium | I59: =G59*H59
A60: ORD-1187 | B60: 45459 | C60: Central | D60: Carlos | E60: Widget B | F60: Premium | H60: 43.34 | I60: =G60*H60 | J60: FALSE
A61: ORD-1012 | B61: 45308 | C61: East | D61: Bruno | E61: Gadget B | F61: Discount | I61: =G61*H61
A62: ORD-1099 | B62: 45560 | C62: Central | D62: Carlos | E62: Widget C | F62: Premium | G62: 4 | H62: 18.55 | I62: =G62*H62
A63: ORD-1040 | B63: 45498 | C63: North | D63: Eduardo | E63: Gadget B | F63: Discount | G63: 13 | I63: =G63*H63 | J63: FALSE
A64: ORD-1028 | B64: 45426 | C64: South | D64: Eduardo | E64: Widget B | F64: Discount | H64: 72.42 | I64: =G64*H64 | J64: FALSE
A65: ORD-1010 | B65: 45403 | C65: Central | D65: Ana | E65: Widget A | F65: Standard | I65: =G65*H65 | J65: TRUE
A66: ORD-1181 | B66: 45302 | C66: North | D66: Bruno | E66: Gadget A | F66: Premium | G66: 8 | H66: 92.16 | I66: =G66*H66
A67: ORD-1151 | B67: 45503 | C67: South | D67: Fernanda | E67: Widget C | F67: Standard | G67: 12 | I67: =G67*H67 | J67: FALSE
A68: ORD-1019 | B68: 45346 | C68: Central | D68: Carlos | E68: Widget B | F68: Discount | G68: 13 | H68: 64.38 | I68: =G68*H68
A69: ORD-1074 | B69: 45598 | C69: Central | D69: Ana | E69: Gadget B | F69: Premium | I69: =G69*H69 | J69: FALSE
A70: ORD-1081 | B70: 45625 | C70: West | D70: Daniela | E70: Gadget B | F70: Discount | I70: =G70*H70 | J70: TRUE
A71: ORD-1181 | B71: 45525 | C71: South | D71: Carlos | E71: Widget C | F71: Discount | G71: 13 | H71: 91.71 | I71: =G71*H71
A72: ORD-1101 | B72: 45441 | C72: South | D72: Ana | E72: Gadget B | F72: Standard | G72: 6 | I72: =G72*H72 | J72: TRUE
A73: ORD-1117 | B73: 45449 | C73: West | D73: Fernanda | E73: Widget C | F73: Standard | H73: 58.99 | I73: =G73*H73 | J73: TRUE
A74: ORD-1063 | B74: 45583 | C74: East | D74: Eduardo | E74: Gadget B | F74: Discount | G74: 15 | H74: 66.26 | I74: =G74*H74 | J74: FALSE
A75: ORD-1045 | B75: 45610 | C75: Central | D75: Fernanda | E75: Widget A | F75: Discount | G75: 6 | H75: 23.67 | I75: =G75*H75
A76: ORD-1082 | B76: 45429 | C76: West | D76: Daniela | E76: Gadget A | F76: Premium | G76: 1 | H76: 52.06 | I76: =G76*H76 | J76: FALSE
A77: ORD-1191 | B77: 45359 | C77: East | D77: Daniela | E77: Widget A | F77: Standard | H77: 24.2 | I77: =G77*H77
A78: ORD-1149 | B78: 45510 | C78: West | D78: Fernanda | E78: Gadget A | F78: Discount | G78: 7 | I78: =G78*H78 | J78: FALSE
A79: ORD-1180 | B79: 45615 | C79: North | D79: Ana | E79: Widget B | F79: Discount | H79: 105.94 | I79: =G79*H79 | J79: TRUE
A80: ORD-1058 | B80: 45627 | C80: West | D80: Daniela | E80: Widget C | F80: Discount | H80: 23.6 | I80: =G80*H80 | J80: FALSE
A81: ORD-1014 | B81: 45390 | C81: East | D81: Carlos | E81: Gadget B | F81: Premium | I81: =G81*H81
A82: ORD-1019 | B82: 45545 | C82: North | D82: Daniela | E82: Widget A | F82: Standard | G82: 5 | H82: 101.48 | I82: =G82*H82
A83: ORD-1096 | B83: 45652 | C83: East | D83: Fernanda | E83: Gadget B | F83: Standard | G83: 3 | H83: 104.91 | I83: =G83*H83 | J83: TRUE
A84: ORD-1013 | B84: 45318 | C84: Central | D84: Ana | E84: Gadget A | F84: Discount | G84: 14 | H84: 65.33 | I84: =G84*H84 | J84: FALSE
A85: ORD-1110 | B85: 45593 | C85: Central | D85: Ana | E85: Widget B | F85: Standard | G85: 7 | I85: =G85*H85
A86: ORD-1028 | B86: 45500 | C86: South | D86: Eduardo | E86: Widget C | F86: Premium | G86: 11 | H86: 82.32 | I86: =G86*H86 | J86: TRUE
A87: ORD-1147 | B87: 45297 | C87: North | D87: Daniela | E87: Widget A | F87: Discount | H87: 66.95 | I87: =G87*H87 | J87: FALSE
A88: ORD-1146 | B88: 45477 | C88: North | D88: Fernanda | E88: Widget C | F88: Discount | G88: 5 | H88: 91.88 | I88: =G88*H88 | J88: TRUE
A89: ORD-1172 | B89: 45520 | C89: North | D89: Daniela | E89: Gadget A | F89: Premium | G89: 8 | H89: 29.75 | I89: =G89*H89 | J89: TRUE
A90: ORD-1101 | B90: 45641 | C90: Central | D90: Fernanda | E90: Widget A | F90: Premium | I90: =G90*H90 | J90: TRUE
A91: ORD-1094 | B91: 45526 | C91: Central | D91: Ana | E91: Widget A | F91: Discount | H91: 118.38 | I91: =G91*H91 | J91: FALSE
A92: ORD-1181 | B92: 45604 | C92: South | D92: Carlos | E92: Widget A | F92: Discount | H92: 10.79 | I92: =G92*H92 | J92: FALSE
A93: ORD-1131 | B93: 45363 | C93: South | D93: Eduardo | E93: Gadget A | F93: Discount | G93: 14 | H93: 92.71 | I93: =G93*H93
A94: ORD-1093 | B94: 45396 | C94: West | D94: Daniela | E94: Gadget A | F94: Discount | I94: =G94*H94 | J94: TRUE
A95: ORD-1101 | B95: 45591 | C95: North | D95: Ana | E95: Widget C | F95: Discount | G95: 14 | I95: =G95*H95
A96: ORD-1180 | B96: 45524 | C96: Central | D96: Eduardo | E96: Gadget A | F96: Standard | G96: 7 | I96: =G96*H96 | J96: FALSE
A97: ORD-1087 | B97: 45384 | C97: West | D97: Fernanda | E97: Widget B | F97: Standard | H97: 104.19 | I97: =G97*H97 | J97: TRUE
A98: ORD-1080 | B98: 45564 | C98: Central | D98: Fernanda | E98: Gadget B | F98: Standard | H98: 46.03 | I98: =G98*H98 | J98: FALSE
A99: ORD-1131 | B99: 45342 | C99: East | D99: Bruno | E99: Widget C | F99: Discount | H99: 15.91 | I99: =G99*H99 | J99: TRUE
A100: ORD-1058 | B100: 45420 | C100: North | D100: Bruno | E100: Gadget B | F100: Standard | H100: 51.37 | I100: =G100*H100
...

Sheet Summary
A1: Region | B1: Total Revenue (Table_1) | C1: Total Revenue (Table_2) | D1: Grand Total | F1: Units > 5 (Table_3)
A2: North | B2: =SUMIF(Table_1!C2:C201,A2,Table_1!I2:I201) | C2: =SUMIF(Table_2!C2:C201,A2,Table_2!I2:I201) | D2: =B2+C2 | F2: =SUMIF(Table_3!G2:G201,">5",Table_3!G2:G201)
A3: South | B3: =SUMIF(Table_1!C2:C201,A3,Table_1!I2:I201) | C3: =SUMIF(Table_2!C2:C201,A3,Table_2!I2:I201) | D3: =B3+C3
A4: East | B4: =SUMIF(Table_1!C2:C201,A4,Table_1!I2:I201) | C4: =SUMIF(Table_2!C2:C201,A4,Table_2!I2:I201) | D4: =B4+C4
A5: West | B5: =SUMIF(Table_1!C2:C201,A5,Table_1!I2:I201) | C5: =SUMIF(Table_2!C2:C201,A5,Table_2!I2:I201) | D5: =B5+C5
A6: Central | B6: =SUMIF(Table_1!C2:C201,A6,Table_1!I2:I201) | C6: =SUMIF(Table_2!C2:C201,A6,Table_2!I2:I201) | D6: =B6+C6

Sheet Pivot_Simulated
A1: Region | B1: Product | C1: Total Units | D1: Total Revenue
A2: North | B2: Widget A | C2: =SUMIFS(Table_4!G2:G201,Table_4!C2:C201,A2,Table_4!E2:E201,B2) | D2: =SUMIFS(Table_4!I2:I201,Table_4!C2:C201,A2,Table_4!E2:E201,B2)
A3: North | B3: Widget B | C3: =SUMIFS(Table_4!G2:G201,Table_4!C2:C201,A3,Table_4!E2:E201,B3) | D3: =SUMIFS(Table_4!I2:I201,Table_4!C2:C201,A3,Table_4!E2:E201,B3)
A4: North | B4: Widget C | C4: =SUMIFS(Table_4!G2:G201,Table_4!C2:C201,A4,Table_4!E2:E201,B4) | D4: =SUMIFS(Table_4!I2:I201,Table_4!C2:C201,A4,Table_4!E2:E201,B4)
A5: North | B5: Gadget A | C5: =SUMIFS(Table_4!G2:G201,Table_4!C2:C201,A5,Table_4!E2:E201,B5) | D5: =SUMIFS(Table_4!I2:I201,Table_4!C2:C201,A5,Table_4!E2:E201,B5)
A6: North | B6: Gadget B | C6: =SUMIFS(Table_4!G2:G201,Table_4!C2:C201,A6,Table_4!E2:E201,B6) | D6: =SUMIFS(Table_4!I2:I201,Table_4!C2:C201,A6,Table_4!E2:E201,B6)
A7: South | B7: Widget A | C7: =SUMIFS(Table_4!G2:G201,Table_4!C2:C201,A7,Table_4!E2:E201,B7) | D7: =SUMIFS(Table_4!I2:I201,Table_4!C2:C201,A7,Table_4!E2:E201,B7)
A8: South | B8: Widget B | C8: =SUMIFS(Table_4!G2:G201,Table_4!C2:C201,A8,Table_4!E2:E201,B8) | D8: =SUMIFS(Table_4!I2:I201,Table_4!C2:C201,A8,Table_4!E2:E201,B8)
A9: South | B9: Widget C | C9: =SUMIFS(Table_4!G2:G201,Table_4!C2:C201,A9,Table_4!E2:E201,B9) | D9: =SUMIFS(Table_4!I2:I201,Table_4!C2:C201,A9,Table_4!E2:E201,B9)
A10: South | B10: Gadget A | C10: =SUMIFS(Table_4!G2:G201,Table_4!C2:C201,A10,Table_4!E2:E201,B10) | D10: =SUMIFS(Table_4!I2:I201,Table_4!C2:C201,A10,Table_4!E2:E201,B10)
A11: South | B11: Gadget B | C11: =SUMIFS(Table_4!G2:G201,Table_4!C2:C201,A11,Table_4!E2:E201,B11) | D11: =SUMIFS(Table_4!I2:I201,Table_4!C2:C201,A11,Table_4!E2:E201,B11)
A12: East | B12: Widget A | C12: =SUMIFS(Table_4!G2:G201,Table_4!C2:C201,A12,Table_4!E2:E201,B12) | D12: =SUMIFS(Table_4!I2:I201,Table_4!C2:C201,A12,Table_4!E2:E201,B12)
A13: East | B13: Widget B | C13: =SUMIFS(Table_4!G2:G201,Table_4!C2:C201,A13,Table_4!E2:E201,B13) | D13: =SUMIFS(Table_4!I2:I201,Table_4!C2:C201,A13,Table_4!E2:E201,B13)
A14: East | B14: Widget C | C14: =SUMIFS(Table_4!G2:G201,Table_4!C2:C201,A14,Table_4!E2:E201,B14) | D14: =SUMIFS(Table_4!I2:I201,Table_4!C2:C201,A14,Table_4!E2:E201,B14)
A15: East | B15: Gadget A | C15: =SUMIFS(Table_4!G2:G201,Table_4!C2:C201,A15,Table_4!E2:E201,B15) | D15: =SUMIFS(Table_4!I2:I201,Table_4!C2:C201,A15,Table_4!E2:E201,B15)
A16: East | B16: Gadget B | C16: =SUMIFS(Table_4!G2:G201,Table_4!C2:C201,A16,Table_4!E2:E201,B16) | D16: =SUMIFS(Table_4!I2:I201,Table_4!C2:C201,A16,Table_4!E2:E201,B16)
A17: West | B17: Widget A | C17: =SUMIFS(Table_4!G2:G201,Table_4!C2:C201,A17,Table_4!E2:E201,B17) | D17: =SUMIFS(Table_4!I2:I201,Table_4!C2:C201,A17,Table_4!E2:E201,B17)
A18: West | B18: Widget B | C18: =SUMIFS(Table_4!G2:G201,Table_4!C2:C201,A18,Table_4!E2:E201,B18) | D18: =SUMIFS(Table_4!I2:I201,Table_4!C2:C201,A18,Table_4!E2:E201,B18)
A19: West | B19: Widget C | C19: =SUMIFS(Table_4!G2:G201,Table_4!C2:C201,A19,Table_4!E2:E201,B19) | D19: =SUMIFS(Table_4!I2:I201,Table_4!C2:C201,A19,Table_4!E2:E201,B19)
A20: West | B20: Gadget A | C20: =SUMIFS(Table_4!G2:G201,Table_4!C2:C201,A20,Table_4!E2:E201,B20) | D20: =SUMIFS(Table_4!I2:I201,Table_4!C2:C201,A20,Table_4!E2:E201,B20)
A21: West | B21: Gadget B | C21: =SUMIFS(Table_4!G2:G201,Table_4!C2:C201,A21,Table_4!E2:E201,B21) | D21: =SUMIFS(Table_4!I2:I201,Table_4!C2:C201,A21,Table_4!E2:E201,B21)
A22: Central | B22: Widget A | C22: =SUMIFS(Table_4!G2:G201,Table_4!C2:C201,A22,Table_4!E2:E201,B22) | D22: =SUMIFS(Table_4!I2:I201,Table_4!C2:C201,A22,Table_4!E2:E201,B22)
A23: Central | B23: Widget B | C23: =SUMIFS(Table_4!G2:G201,Table_4!C2:C201,A23,Table_4!E2:E201,B23) | D23: =SUMIFS(Table_4!I2:I201,Table_4!C2:C201,A23,Table_4!E2:E201,B23)
A24: Central | B24: Widget C | C24: =SUMIFS(Table_4!G2:G201,Table_4!C2:C201,A24,Table_4!E2:E201,B24) | D24: =SUMIFS(Table_4!I2:I201,Table_4!C2:C201,A24,Table_4!E2:E201,B24)
A25: Central | B25: Gadget A | C25: =SUMIFS(Table_4!G2:G201,Table_4!C2:C201,A25,Table_4!E2:E201,B25) | D25: =SUMIFS(Table_4!I2:I201,Table_4!C2:C201,A25,Table_4!E2:E201,B25)
A26: Central | B26: Gadget B | C26: =SUMIFS(Table_4!G2:G201,Table_4!C2:C201,A26,Table_4!E2:E201,B26) | D26: =SUMIFS(Table_4!I2:I201,Table_4!C2:C201,A26,Table_4!E2:E201,B26)
